Date,Adj Close,Close,High,Low,Open,Volume
2020-03-19,40.86848068237305,45.25,46.0,40.0,40.0,7000
2020-03-20,40.6426887512207,45.0,46.0099983215332,45.0,45.0099983215332,3600
2020-03-23,36.12682342529297,40.0,42.0,39.97999954223633,42.0,11900
2020-03-24,36.12682342529297,40.0,40.0,39.0,40.0,77800
2020-03-25,37.03903579711914,41.0099983215332,44.79999923706055,38.0,40.0,7000
2020-03-26,40.6426887512207,45.0,47.5,44.25,45.0,29100
2020-03-27,40.85493087768555,45.23500061035156,47.5,44.9900016784668,45.0,263200
2020-03-30,45.15852737426758,50.0,50.0,44.25,44.25,118100
2020-03-31,45.15852737426758,50.0,50.0,44.779998779296875,46.5,210300
2020-04-01,42.17806625366211,46.70000076293945,48.5,44.0,45.9900016784668,1206100
2020-04-02,39.73951721191406,44.0,48.65999984741211,43.20000076293945,45.02399826049805,9264200
2020-04-03,42.73802947998047,47.31999969482422,49.29999923706055,41.79999923706055,43.75,22551600
2020-04-06,41.49166488647461,45.939998626708984,47.849998474121094,44.70000076293945,47.0,10294200
2020-04-07,39.99240493774414,44.279998779296875,46.9900016784668,42.93000030517578,45.150001525878906,12146500
2020-04-08,39.82080078125,44.09000015258789,45.20000076293945,41.2599983215332,42.209999084472656,22265800
2020-04-09,44.38180160522461,49.13999938964844,50.25,44.0,44.04999923706055,17355600
2020-04-13,41.54585266113281,46.0,48.66999816894531,45.720001220703125,48.54999923706055,8545100
2020-04-14,41.44650650024414,45.88999938964844,46.29999923706055,43.970001220703125,45.90999984741211,10152100
2020-04-15,40.23624801635742,44.54999923706055,44.849998474121094,42.79999923706055,44.189998626708984,7935500
2020-04-16,41.20266342163086,45.619998931884766,46.40700149536133,43.54999923706055,44.08000183105469,8740200
2020-04-17,41.68132781982422,46.150001525878906,48.560001373291016,45.91999816894531,47.0,7878100
2020-04-20,40.99492263793945,45.38999938964844,46.97999954223633,44.900001525878906,45.0,5407500
2020-04-21,41.455528259277344,45.900001525878906,47.20000076293945,44.5,44.5,6939700
2020-04-22,42.494178771972656,47.04999923706055,49.54999923706055,46.0,47.310001373291016,6801900
2020-04-23,42.87351608276367,47.470001220703125,48.040000915527344,46.47999954223633,47.439998626708984,5174800
2020-04-24,43.216712951660156,47.849998474121094,48.5,46.310001373291016,48.02000045776367,6446900
2020-04-27,43.5509033203125,48.220001220703125,48.599998474121094,47.61000061035156,48.08000183105469,5541100
2020-04-28,45.0320930480957,49.86000061035156,50.95000076293945,48.650001525878906,49.06999969482422,5368200
2020-04-29,46.197181701660156,51.150001525878906,51.72999954223633,49.709999084472656,50.77000045776367,4343900
2020-04-30,45.98041915893555,50.90999984741211,51.599998474121094,50.5,50.970001220703125,6123800
2020-05-01,44.896610260009766,49.709999084472656,50.529998779296875,48.310001373291016,50.33000183105469,3089700
2020-05-04,44.73404312133789,49.529998779296875,49.66999816894531,47.5099983215332,48.849998474121094,5676600
2020-05-05,43.4334716796875,48.09000015258789,50.63999938964844,47.959999084472656,49.529998779296875,4103600
2020-05-06,43.632171630859375,48.310001373291016,49.0,47.88999938964844,48.61000061035156,2931800
2020-05-07,46.79326629638672,51.810001373291016,53.290000915527344,48.9900016784668,49.02000045776367,4803200
2020-05-08,47.82289505004883,52.95000076293945,54.16999816894531,52.11000061035156,52.119998931884766,4289400
2020-05-11,46.79326629638672,51.810001373291016,52.400001525878906,51.060001373291016,52.0,3150600
2020-05-12,44.9056510925293,49.720001220703125,52.290000915527344,49.689998626708984,52.189998626708984,3059800
2020-05-13,43.54186248779297,48.209999084472656,50.29999923706055,47.8849983215332,49.0,4567000
2020-05-14,43.35219955444336,48.0,48.400001525878906,47.22999954223633,47.61000061035156,4849900
2020-05-15,44.15601348876953,48.88999938964844,49.220001220703125,47.20000076293945,47.31999969482422,2981400
2020-05-18,47.08229446411133,52.130001068115234,52.34000015258789,50.119998931884766,50.119998931884766,4452600
2020-05-19,47.244869232177734,52.310001373291016,52.928001403808594,51.05500030517578,51.68000030517578,2050300
2020-05-20,48.03062438964844,53.18000030517578,54.70000076293945,52.474998474121094,52.54999923706055,4755100
2020-05-21,47.169376373291016,52.029998779296875,53.54999923706055,51.869998931884766,52.36000061035156,3813100
2020-05-22,46.879268646240234,51.709999084472656,52.720001220703125,50.91999816894531,52.459999084472656,2134300
2020-05-26,46.1358642578125,50.88999938964844,53.9900016784668,50.70000076293945,53.029998779296875,6247000
2020-05-27,47.486671447753906,52.380001068115234,52.650001525878906,50.77000045776367,51.59000015258789,5202300
2020-05-28,46.19932174682617,50.959999084472656,52.95000076293945,50.93000030517578,52.869998931884766,4260700
2020-05-29,47.7314453125,52.650001525878906,52.869998931884766,50.18000030517578,50.439998626708984,7522700
2020-06-01,49.02786636352539,54.08000183105469,54.439998626708984,52.11000061035156,52.45000076293945,3073300
2020-06-02,49.09131622314453,54.150001525878906,54.75,53.290000915527344,54.15999984741211,2638100
2020-06-03,50.287994384765625,55.470001220703125,55.58000183105469,54.54999923706055,55.0,4134500
2020-06-04,50.224544525146484,55.400001525878906,56.65999984741211,54.689998626708984,55.29999923706055,3281300
2020-06-05,53.09840393066406,58.56999969482422,58.70899963378906,56.0,57.83000183105469,4615100
2020-06-08,55.53710174560547,61.2599983215332,61.31999969482422,58.36000061035156,58.68000030517578,5966500
2020-06-09,54.984092712402344,60.650001525878906,61.459999084472656,59.2400016784668,60.400001525878906,4610200
2020-06-10,53.51543426513672,59.029998779296875,60.959999084472656,59.02000045776367,60.61000061035156,2658300
2020-06-11,50.995140075683594,56.25,58.06999969482422,55.70500183105469,56.0,3293900
2020-06-12,50.80475997924805,56.040000915527344,58.97999954223633,55.099998474121094,57.72999954223633,4313000
2020-06-15,52.28248596191406,57.66999816894531,57.79999923706055,53.83000183105469,54.5099983215332,4464300
2020-06-16,52.44565963745117,57.849998474121094,59.79999923706055,57.375,59.5,3510300
2020-06-17,51.43936538696289,56.7400016784668,58.189998626708984,56.459999084472656,58.119998931884766,2441500
2020-06-18,52.11929702758789,57.4900016784668,57.68000030517578,56.2400016784668,56.439998626708984,2137500
2020-06-19,51.675071716308594,57.0,58.959999084472656,55.95000076293945,58.959999084472656,7096100
2020-06-22,51.729461669921875,57.060001373291016,58.18000030517578,56.63999938964844,56.880001068115234,2027000
2020-06-23,51.493751525878906,56.79999923706055,57.869998931884766,56.59000015258789,57.689998626708984,2386900
2020-06-24,50.351470947265625,55.540000915527344,56.970001220703125,55.25,56.150001525878906,3022000
2020-06-25,50.949806213378906,56.20000076293945,56.5,54.7599983215332,55.04999923706055,2942900
2020-06-26,50.5781135559082,55.790000915527344,56.47999954223633,54.44200134277344,56.22999954223633,6634300
2020-06-29,51.28523635864258,56.56999969482422,56.79999923706055,55.33000183105469,55.88999938964844,2257300
2020-06-30,51.54815673828125,56.86000061035156,57.099998474121094,55.5099983215332,55.970001220703125,2518100
2020-07-01,50.56903839111328,55.779998779296875,57.0,55.75,57.0,2400200
2020-07-02,51.221778869628906,56.5,57.2400016784668,55.77000045776367,56.43000030517578,3162900
2020-07-06,51.54815673828125,56.86000061035156,57.58000183105469,56.43000030517578,57.380001068115234,1999100
2020-07-07,51.51189041137695,56.81999969482422,57.310001373291016,56.119998931884766,56.43000030517578,2537900
2020-07-08,51.6025505065918,56.91999816894531,57.150001525878906,56.27000045776367,57.029998779296875,6694900
2020-07-09,50.868221282958984,56.11000061035156,57.939998626708984,56.06999969482422,56.86000061035156,2424200
2020-07-10,51.65693664550781,56.97999954223633,57.310001373291016,56.040000915527344,56.22999954223633,2137300
2020-07-13,51.57534408569336,56.88999938964844,57.939998626708984,56.46500015258789,56.560001373291016,2882500
2020-07-14,52.010501861572266,57.369998931884766,57.45000076293945,56.029998779296875,56.220001220703125,2755100
2020-07-15,52.762962341308594,58.20000076293945,59.0,57.86000061035156,58.0099983215332,2358400
2020-07-16,52.871761322021484,58.31999969482422,58.560001373291016,57.65800094604492,58.0,2628800
2020-07-17,53.08027267456055,58.54999923706055,59.029998779296875,58.150001525878906,58.72999954223633,2983100
2020-07-20,53.08933639526367,58.560001373291016,59.650001525878906,57.9900016784668,58.41999816894531,2407800
2020-07-21,52.98054885864258,58.439998626708984,58.939998626708984,58.099998474121094,58.380001068115234,2314000
2020-07-22,53.016807556152344,58.47999954223633,58.93000030517578,57.68000030517578,57.959999084472656,2034300
2020-07-23,53.542625427246094,59.060001373291016,59.46799850463867,58.34000015258789,58.5,2566500
2020-07-24,52.699501037597656,58.130001068115234,59.19499969482422,57.630001068115234,59.18000030517578,3142100
2020-07-27,52.871761322021484,58.31999969482422,58.439998626708984,57.599998474121094,57.86000061035156,2670300
2020-07-28,54.648658752441406,60.279998779296875,61.83000183105469,59.70000076293945,59.81999969482422,4473600
2020-07-29,58.29310989379883,64.30000305175781,64.36000061035156,60.959999084472656,60.959999084472656,4885400
2020-07-30,57.468116760253906,63.38999938964844,64.5199966430664,63.150001525878906,63.439998626708984,2307000
2020-07-31,56.87883758544922,62.7400016784668,63.439998626708984,62.18000030517578,63.439998626708984,3156100
2020-08-03,57.30493927001953,63.209999084472656,63.81999969482422,62.7400016784668,63.02000045776367,3200500
2020-08-04,56.760982513427734,62.61000061035156,62.900001525878906,61.970001220703125,62.58000183105469,1739400
2020-08-05,57.19615173339844,63.09000015258789,63.650001525878906,62.34000015258789,62.7400016784668,2645000
2020-08-06,57.549713134765625,63.47999954223633,63.52000045776367,62.8650016784668,62.88999938964844,1557400
2020-08-07,58.392845153808594,64.41000366210938,64.47000122070312,63.15999984741211,63.15999984741211,1169100
2020-08-10,59.11809539794922,65.20999908447266,65.30000305175781,64.29000091552734,64.29000091552734,1572700
2020-08-11,58.356571197509766,64.37000274658203,65.94999694824219,64.33000183105469,65.5199966430664,2787700
2020-08-12,58.837059020996094,64.9000015258789,65.47000122070312,64.22000122070312,64.97000122070312,1496600
2020-08-13,58.021141052246094,64.0,64.95999908447266,63.83000183105469,64.95999908447266,1436200
2020-08-14,58.08458709716797,64.06999969482422,64.51000213623047,63.599998474121094,63.709999084472656,1633900
2020-08-17,57.98487854003906,63.959999084472656,64.52999877929688,63.709999084472656,64.45999908447266,1785500
2020-08-18,57.52250671386719,63.45000076293945,64.4000015258789,63.375,63.849998474121094,1680200
2020-08-19,57.042030334472656,62.91999816894531,63.59000015258789,62.59000015258789,63.47999954223633,1549000
2020-08-20,57.26940155029297,62.970001220703125,63.25,61.810001373291016,62.15999984741211,1291500
2020-08-21,57.86964797973633,63.630001068115234,63.7400016784668,62.59000015258789,63.029998779296875,2649500
2020-08-24,58.02425765991211,63.79999923706055,64.2300033569336,63.040000915527344,63.61000061035156,3199900
2020-08-25,58.46989822387695,64.29000091552734,64.80999755859375,63.904998779296875,64.41000366210938,1604100
2020-08-26,58.36985397338867,64.18000030517578,64.79000091552734,63.74800109863281,64.27999877929688,1161900
2020-08-27,57.505859375,63.22999954223633,64.90499877929688,63.16999816894531,64.47000122070312,1341700
2020-08-28,57.83326721191406,63.59000015258789,63.630001068115234,62.650001525878906,63.27000045776367,1129900
2020-08-31,57.20573806762695,62.900001525878906,63.84000015258789,62.84000015258789,63.61000061035156,1736400
2020-09-01,58.251625061035156,64.05000305175781,64.27999877929688,62.32500076293945,62.52000045776367,2334100
2020-09-02,59.42485046386719,65.33999633789062,65.55999755859375,63.650001525878906,63.72999954223633,1827200
2020-09-03,56.25079345703125,61.849998474121094,65.44999694824219,61.060001373291016,64.87999725341797,3096800
2020-09-04,55.923377990722656,61.4900016784668,62.599998474121094,60.43000030517578,62.5,2697000
2020-09-08,55.1412353515625,60.630001068115234,61.75,60.459999084472656,61.43000030517578,2137900
2020-09-09,56.4599723815918,62.08000183105469,62.529998779296875,61.0,61.029998779296875,1888500
2020-09-10,54.47732925415039,59.900001525878906,61.97999954223633,59.72999954223633,61.97999954223633,3828900
2020-09-11,54.695587158203125,60.13999938964844,60.709999084472656,59.775001525878906,60.2599983215332,2273400
2020-09-14,54.559173583984375,59.9900016784668,60.56999969482422,59.06700134277344,60.56999969482422,2420100
2020-09-15,54.841102600097656,60.29999923706055,61.619998931884766,60.029998779296875,60.029998779296875,1629400
2020-09-16,54.37726974487305,59.790000915527344,61.0099983215332,59.400001525878906,60.86000061035156,2457000
2020-09-17,55.51411819458008,61.040000915527344,61.09000015258789,58.040000915527344,58.75,2219900
2020-09-18,55.36860656738281,60.880001068115234,62.63999938964844,60.38999938964844,61.15999984741211,3806500
2020-09-21,54.031673431396484,59.40999984741211,60.220001220703125,58.66999816894531,60.0,2512100
2020-09-22,55.46864318847656,60.9900016784668,61.119998931884766,58.86000061035156,58.939998626708984,1841500
2020-09-23,54.94114303588867,60.40999984741211,61.77000045776367,60.20000076293945,60.77000045776367,1733700
2020-09-24,56.4599723815918,62.08000183105469,62.75,60.459999084472656,60.849998474121094,2374800
2020-09-25,55.97794723510742,61.54999923706055,62.349998474121094,61.189998626708984,61.61000061035156,1557600
2020-09-28,56.851036071777344,62.5099983215332,62.880001068115234,61.900001525878906,62.27000045776367,1233900
2020-09-29,56.760093688964844,62.40999984741211,62.7599983215332,61.880001068115234,62.41999816894531,1435400
2020-09-30,56.76918411254883,62.41999816894531,63.599998474121094,61.95000076293945,62.709999084472656,2494000
2020-10-01,56.72372055053711,62.369998931884766,64.22000122070312,61.7599983215332,62.869998931884766,2342500
2020-10-02,57.44218826293945,63.15999984741211,63.439998626708984,61.5099983215332,61.619998931884766,1447800
2020-10-05,58.697269439697266,64.54000091552734,64.62999725341797,63.23500061035156,63.7400016784668,1447700
2020-10-06,58.05153274536133,63.83000183105469,65.0,63.48500061035156,64.43000030517578,2107000
2020-10-07,59.16110610961914,65.05000305175781,65.62000274658203,64.375,64.62999725341797,1648100
2020-10-08,58.85186767578125,64.70999908447266,65.51000213623047,64.4800033569336,64.79000091552734,1213200
2020-10-09,59.433937072753906,65.3499984741211,65.66999816894531,64.30000305175781,65.0199966430664,1187000
2020-10-12,59.74314880371094,65.69000244140625,65.98500061035156,65.16999816894531,65.8499984741211,1185800
2020-10-13,59.233848571777344,65.12999725341797,65.80000305175781,64.61599731445312,65.16000366210938,1415900
2020-10-14,59.67040252685547,65.61000061035156,66.0,64.52999877929688,65.5,1633600
2020-10-15,59.297523498535156,65.19999694824219,65.43499755859375,64.01000213623047,64.66999816894531,982100
2020-10-16,59.142913818359375,65.02999877929688,65.80999755859375,64.80999755859375,65.30000305175781,1047500
2020-10-19,58.533565521240234,64.36000061035156,65.44000244140625,64.08000183105469,64.9000015258789,910500
2020-10-20,58.56084060668945,64.38999938964844,65.73999786376953,64.33999633789062,64.68000030517578,720000
2020-10-21,57.95150375366211,63.720001220703125,64.83000183105469,63.709999084472656,64.25,1082600
2020-10-22,57.51495361328125,63.2400016784668,63.9900016784668,62.97999954223633,63.9900016784668,4980300
2020-10-23,57.705936431884766,63.45000076293945,64.0199966430664,63.119998931884766,63.470001220703125,2308600
2020-10-26,57.4876708984375,63.209999084472656,63.88999938964844,61.369998931884766,63.84000015258789,3026000
2020-10-27,56.359920501708984,61.970001220703125,63.2400016784668,61.86000061035156,62.90999984741211,1973200
2020-10-28,53.64970016479492,58.9900016784668,61.2599983215332,58.77000045776367,61.0099983215332,2570900
2020-10-29,55.2867546081543,60.790000915527344,61.189998626708984,58.79999923706055,58.88999938964844,2122600
2020-10-30,55.73239517211914,61.279998779296875,61.29999923706055,59.79999923706055,60.349998474121094,2036100
2020-11-02,56.51453399658203,62.13999938964844,62.77000045776367,61.09000015258789,62.189998626708984,1819100
2020-11-03,57.03293228149414,62.709999084472656,63.849998474121094,62.08000183105469,62.93000030517578,1545600
2020-11-04,56.6600456237793,62.29999923706055,63.64500045776367,61.95000076293945,62.68000030517578,2042700
2020-11-05,56.960174560546875,62.630001068115234,63.95000076293945,62.59000015258789,63.31999969482422,1495700
2020-11-06,57.82417297363281,63.58000183105469,63.810001373291016,62.66999816894531,62.970001220703125,1145800
2020-11-09,57.75141525268555,63.5,67.29000091552734,63.43000030517578,67.0,2420100
2020-11-10,59.788604736328125,65.73999786376953,65.91799926757812,63.31999969482422,63.380001068115234,2174600
2020-11-11,60.134239196777344,66.12000274658203,66.33000183105469,64.73999786376953,65.86000061035156,1319500
2020-11-12,60.01599884033203,65.98999786376953,66.45999908447266,65.41999816894531,66.18000030517578,1774700
2020-11-13,59.6340217590332,65.56999969482422,66.73999786376953,65.2300033569336,66.23999786376953,1438500
2020-11-16,61.289249420166016,67.38999938964844,67.63999938964844,65.68000030517578,66.22000122070312,2338900
2020-11-17,61.116458892822266,67.19999694824219,67.94999694824219,66.30500030517578,67.16000366210938,1465000
2020-11-18,60.59806442260742,66.62999725341797,67.9800033569336,66.51000213623047,67.30999755859375,2182800
2020-11-19,60.35177230834961,66.16000366210938,67.19000244140625,65.5999984741211,66.62999725341797,1809900
2020-11-20,60.49770736694336,66.31999969482422,66.73999786376953,66.0,66.08999633789062,1811200
2020-11-23,61.346073150634766,67.25,67.52999877929688,66.55000305175781,66.63999938964844,1885500
2020-11-24,61.48289489746094,67.4000015258789,68.04000091552734,66.87999725341797,68.04000091552734,4738800
2020-11-25,61.46464538574219,67.37999725341797,67.47000122070312,66.41999816894531,67.44000244140625,1125400
2020-11-27,61.428157806396484,67.33999633789062,68.20999908447266,66.9000015258789,67.55000305175781,1645000
2020-11-30,61.06328201293945,66.94000244140625,67.69999694824219,66.37999725341797,66.83999633789062,1831000
2020-12-01,60.96293258666992,66.83000183105469,68.16000366210938,66.7699966430664,67.41999816894531,2928100
2020-12-02,59.92302322387695,65.69000244140625,67.2699966430664,65.55999755859375,66.91999816894531,1379600
2020-12-03,59.74058151245117,65.48999786376953,66.8499984741211,65.36000061035156,65.7699966430664,1061900
2020-12-04,59.4395637512207,65.16000366210938,66.04299926757812,64.87999725341797,65.6500015258789,2054300
2020-12-07,59.156761169433594,64.8499984741211,65.30999755859375,64.01000213623047,64.9800033569336,1917600
2020-12-08,60.306156158447266,66.11000061035156,66.1500015258789,64.68000030517578,64.77999877929688,2641500
2020-12-09,59.74058151245117,65.48999786376953,66.20999908447266,65.19000244140625,65.75,1668600
2020-12-10,58.381404876708984,64.0,66.13999938964844,63.849998474121094,65.20999908447266,2056600
2020-12-11,58.13508987426758,63.72999954223633,63.880001068115234,62.95000076293945,63.33000183105469,2023900
2020-12-14,57.26848602294922,62.779998779296875,64.48999786376953,62.52000045776367,64.48999786376953,1377800
2020-12-15,59.04730224609375,64.7300033569336,65.58999633789062,62.959999084472656,63.11000061035156,2041100
2020-12-16,59.51252746582031,65.23999786376953,65.33000183105469,64.33999633789062,64.93000030517578,1760600
2020-12-17,60.01424789428711,65.79000091552734,66.31999969482422,65.5,65.75,1873700
2020-12-18,59.85004425048828,65.61000061035156,66.19999694824219,64.54000091552734,65.98999786376953,4028700
2020-12-21,60.34264373779297,66.1500015258789,66.4800033569336,64.5999984741211,64.94000244140625,2201300
2020-12-22,59.667598724365234,65.41000366210938,65.98999786376953,65.09500122070312,65.83999633789062,1151500
2020-12-23,59.868289947509766,65.62999725341797,66.23999786376953,65.30000305175781,65.48999786376953,972500
2020-12-24,60.01424789428711,65.79000091552734,65.9800033569336,65.29000091552734,65.44999694824219,992100
2020-12-28,60.205814361572266,66.0,66.5999984741211,65.54000091552734,66.18000030517578,786400
2020-12-29,59.92302322387695,65.69000244140625,66.5999984741211,65.12999725341797,66.30999755859375,1008400
2020-12-30,60.862613677978516,66.72000122070312,66.83000183105469,65.79000091552734,65.79000091552734,1082200
2020-12-31,61.6197395324707,67.55000305175781,67.69000244140625,66.56999969482422,66.86000061035156,1238200
2021-01-04,59.831790924072266,65.58999633789062,68.0199966430664,65.55000305175781,67.55000305175781,2569600
2021-01-05,59.38482666015625,65.0999984741211,66.41999816894531,64.75900268554688,65.81999969482422,1366100
2021-01-06,61.035919189453125,66.91000366210938,67.33000183105469,65.25,65.81999969482422,1596000
2021-01-07,61.82952880859375,67.77999877929688,67.95500183105469,66.84500122070312,67.30000305175781,1542500
2021-01-08,60.96293258666992,66.83000183105469,67.97000122070312,65.8499984741211,67.47000122070312,1914000
2021-01-11,60.534202575683594,66.36000061035156,66.79000091552734,65.80999755859375,66.22000122070312,1506200
2021-01-12,59.5034065246582,65.2300033569336,66.80000305175781,65.06999969482422,66.2699966430664,1722000
2021-01-13,58.35402297973633,63.970001220703125,65.53500366210938,63.849998474121094,65.19000244140625,3172600
2021-01-14,59.23887252807617,64.94000244140625,65.37000274658203,63.79999923706055,64.19999694824219,3088300
2021-01-15,59.777061462402344,65.52999877929688,65.69000244140625,63.5099983215332,64.80999755859375,1841100
2021-01-19,59.6311149597168,65.37000274658203,66.44999694824219,64.91999816894531,66.0,2489200
2021-01-20,59.4669303894043,65.19000244140625,66.5,64.88999938964844,65.80000305175781,1737200
2021-01-21,57.943538665771484,63.52000045776367,65.23999786376953,63.45000076293945,65.23999786376953,3945600
2021-01-22,59.18413543701172,64.87999725341797,65.20999908447266,63.20000076293945,63.52000045776367,3546500
2021-01-25,58.58208084106445,64.22000122070312,64.61000061035156,62.0,64.0,4500200
2021-01-26,57.93439865112305,63.5099983215332,65.08999633789062,62.27000045776367,64.5999984741211,2742100
2021-01-27,56.77589797973633,62.2400016784668,63.0099983215332,61.279998779296875,62.68000030517578,3241300
2021-01-28,58.226314544677734,63.83000183105469,64.81999969482422,62.33000183105469,62.599998474121094,3235000
2021-01-29,58.974327087402344,64.6500015258789,65.98999786376953,63.45000076293945,65.11000061035156,10353200
2021-02-01,58.88311004638672,64.55000305175781,66.01000213623047,63.0,65.98999786376953,3731500
2021-02-02,58.965206146240234,64.63999938964844,66.77999877929688,64.5,65.05000305175781,4327800
2021-02-03,58.427001953125,64.05000305175781,64.87000274658203,62.95000076293945,64.63999938964844,3542100
2021-02-04,57.73371887207031,63.290000915527344,64.12999725341797,63.0,63.88999938964844,2303900
2021-02-05,58.317527770996094,63.93000030517578,64.19999694824219,62.630001068115234,62.7400016784668,3697900
2021-02-08,58.13508987426758,63.72999954223633,64.52999877929688,63.150001525878906,63.75,1787100
2021-02-09,58.70978546142578,64.36000061035156,64.59300231933594,63.209999084472656,63.540000915527344,2819100
2021-02-10,59.57637023925781,65.30999755859375,65.9000015258789,64.5999984741211,64.94000244140625,1934100
2021-02-11,58.03915786743164,63.43000030517578,65.20600128173828,62.8849983215332,65.04000091552734,4298900
2021-02-12,58.49666976928711,63.93000030517578,64.54000091552734,62.88999938964844,62.88999938964844,2021600
2021-02-16,57.8195686340332,63.189998626708984,64.33999633789062,62.58000183105469,64.30999755859375,3228400
2021-02-17,57.36205291748047,62.689998626708984,63.369998931884766,62.61899948120117,63.310001373291016,2178600
2021-02-18,57.700618743896484,63.060001373291016,63.58000183105469,62.310001373291016,62.459999084472656,2258400
2021-02-19,57.68230438232422,63.040000915527344,63.45500183105469,62.939998626708984,63.31999969482422,3852700
2021-02-22,57.85615921020508,63.22999954223633,63.595001220703125,62.52000045776367,62.849998474121094,2560000
2021-02-23,57.85615921020508,63.22999954223633,63.56999969482422,62.560001373291016,62.84000015258789,2571200
2021-02-24,58.8809700012207,64.3499984741211,64.41000366210938,63.029998779296875,63.09000015258789,2257300
2021-02-25,58.98162841796875,64.45999908447266,64.91000366210938,64.01000213623047,64.27999877929688,2431700
2021-02-26,58.29536437988281,63.709999084472656,64.88999938964844,63.59000015258789,64.88999938964844,3278300
2021-03-01,59.41168975830078,64.93000030517578,65.75,64.06999969482422,64.12000274658203,1896000
2021-03-02,59.85087966918945,65.41000366210938,65.84500122070312,64.33000183105469,64.7300033569336,2657500
2021-03-03,61.305755615234375,67.0,67.6500015258789,65.06999969482422,65.51000213623047,3210800
2021-03-04,58.51496887207031,63.95000076293945,66.9000015258789,63.34000015258789,66.83000183105469,3634400
2021-03-05,59.35677719116211,64.87000274658203,65.11000061035156,62.7599983215332,64.5199966430664,2168000
2021-03-08,59.67704391479492,65.22000122070312,66.33000183105469,64.58999633789062,64.97000122070312,1636700
2021-03-09,59.41168975830078,64.93000030517578,66.6500015258789,64.91999816894531,65.69000244140625,2547300
2021-03-10,60.61949157714844,66.25,66.49500274658203,64.61000061035156,64.66999816894531,1814900
2021-03-11,61.58027648925781,67.30000305175781,67.63999938964844,65.88999938964844,66.0999984741211,2214700
2021-03-12,60.3907470703125,66.0,67.6500015258789,65.98999786376953,67.6500015258789,1938200
2021-03-15,60.94889831542969,66.61000061035156,66.63999938964844,65.51499938964844,65.94000244140625,1495700
2021-03-16,61.946258544921875,67.69999694824219,67.97000122070312,66.58000183105469,67.12000274658203,2371800
2021-03-17,62.75148391723633,68.58000183105469,68.6500015258789,67.36000061035156,67.98999786376953,1729500
2021-03-18,62.3580207824707,68.1500015258789,68.63999938964844,67.45999908447266,68.1500015258789,2752800
2021-03-19,61.17764663696289,66.86000061035156,67.88999938964844,66.5199966430664,67.88999938964844,3149000
2021-03-22,61.141056060791016,66.81999969482422,66.94000244140625,65.63999938964844,66.80999755859375,1391500
2021-03-23,61.26915740966797,66.95999908447266,67.70999908447266,66.19999694824219,66.41999816894531,1364500
2021-03-24,61.4613037109375,67.16999816894531,67.95999908447266,66.87999725341797,66.87999725341797,1378000
2021-03-25,62.092674255371094,67.86000061035156,68.13999938964844,66.76000213623047,67.41000366210938,1738900
2021-03-26,63.17238998413086,69.04000091552734,69.37999725341797,67.62000274658203,68.16000366210938,1989400
2021-03-29,63.968448638916016,69.91000366210938,70.66999816894531,69.5,69.83000183105469,2038300
2021-03-30,63.8128776550293,69.73999786376953,70.48999786376953,69.41999816894531,70.06999969482422,2604800
2021-03-31,62.63253402709961,68.44999694824219,70.0199966430664,68.2699966430664,70.0199966430664,3783100
2021-04-01,63.373695373535156,69.26000213623047,69.63999938964844,68.31999969482422,68.88999938964844,1579200
2021-04-05,63.346248626708984,69.2300033569336,69.69999694824219,68.91999816894531,69.08000183105469,1126600
2021-04-06,63.79457473754883,69.72000122070312,70.46499633789062,68.88999938964844,69.5,1972800
2021-04-07,63.71222686767578,69.62999725341797,70.2699966430664,69.41000366210938,69.86000061035156,7225700
2021-04-08,63.510921478271484,69.41000366210938,69.6449966430664,68.91999816894531,69.48999786376953,1881700
2021-04-09,64.73705291748047,70.75,70.94999694824219,69.44999694824219,69.68000030517578,3557700
2021-04-12,64.64553833007812,70.6500015258789,71.1050033569336,70.31999969482422,70.62000274658203,1986000
2021-04-13,65.07561492919922,71.12000274658203,71.23500061035156,70.19200134277344,70.44999694824219,1513400
2021-04-14,64.41678619384766,70.4000015258789,71.07499694824219,70.05999755859375,71.0,3099700
2021-04-15,64.93834686279297,70.97000122070312,71.23999786376953,70.11000061035156,70.63999938964844,1495600
2021-04-16,64.58149719238281,70.58000183105469,71.41000366210938,69.8499984741211,71.41000366210938,2548500
2021-04-19,64.99324798583984,71.02999877929688,71.38500213623047,70.3499984741211,70.70999908447266,2641300
2021-04-20,64.48084259033203,70.47000122070312,71.69000244140625,70.33000183105469,71.63999938964844,3682300
2021-04-21,65.00239562988281,71.04000091552734,71.08000183105469,69.83000183105469,70.44999694824219,3080300
2021-04-22,64.92005920410156,70.94999694824219,71.75,70.61000061035156,71.2300033569336,2415600
2021-04-23,65.22200012207031,71.27999877929688,71.9800033569336,70.73999786376953,71.06999969482422,2574700
2021-04-26,69.78791046142578,76.2699966430664,76.87999725341797,74.55000305175781,76.44000244140625,6077800
2021-04-27,72.28590393066406,79.0,79.26000213623047,76.12000274658203,76.5,6143800
2021-04-28,71.37086486816406,78.0,79.5,77.98999786376953,79.18000030517578,3492300
2021-04-29,72.00223541259766,78.69000244140625,79.12000274658203,78.0199966430664,78.0199966430664,2492200
2021-04-30,71.25190734863281,77.87000274658203,78.66999816894531,77.55000305175781,78.25,3659500
2021-05-03,71.73686981201172,78.4000015258789,79.0999984741211,77.91000366210938,78.48999786376953,2739900
2021-05-04,72.02967834472656,78.72000122070312,79.55999755859375,78.37999725341797,78.37999725341797,3402100
2021-05-05,71.42578125,78.05999755859375,79.23999786376953,77.76000213623047,78.88999938964844,2075500
2021-05-06,71.7002944946289,78.36000061035156,78.87899780273438,77.69999694824219,78.43000030517578,2983500
2021-05-07,71.54473114013672,78.19000244140625,78.94999694824219,77.91000366210938,78.08000183105469,2780700
2021-05-10,71.59962463378906,78.25,79.0999984741211,78.02999877929688,78.66999816894531,4867400
2021-05-11,71.023193359375,77.62000274658203,78.11000061035156,76.8499984741211,77.79000091552734,2939200
2021-05-12,69.6598129272461,76.12999725341797,77.95999908447266,76.11000061035156,77.76000213623047,2392700
2021-05-13,70.5931167602539,77.1500015258789,77.5250015258789,75.81999969482422,75.98999786376953,2658300
2021-05-14,72.17607879638672,78.87999725341797,79.44000244140625,77.41000366210938,77.6500015258789,3255300
2021-05-17,72.29505157470703,79.01000213623047,79.18000030517578,78.0999984741211,78.7300033569336,2234000
2021-05-18,71.91987609863281,78.5999984741211,79.69000244140625,78.56999969482422,79.55000305175781,2941000
2021-05-19,70.88591003417969,77.47000122070312,78.0,77.02999877929688,77.94000244140625,5465700
2021-05-20,71.0052490234375,77.36000061035156,77.86000061035156,76.86000061035156,77.12000274658203,6751500
2021-05-21,71.197998046875,77.56999969482422,78.30000305175781,77.27999877929688,77.62000274658203,2245000
2021-05-24,71.71199035644531,78.12999725341797,78.33000183105469,77.20999908447266,77.5999984741211,1547500
2021-05-25,71.30814361572266,77.69000244140625,78.61000061035156,77.66000366210938,78.27999877929688,2288600
2021-05-26,71.38155364990234,77.7699966430664,78.2300033569336,77.55000305175781,77.7699966430664,1890100
2021-05-27,72.24434661865234,78.70999908447266,79.08999633789062,77.69000244140625,78.1500015258789,2818900
2021-05-28,71.89556121826172,78.33000183105469,78.70999908447266,77.83000183105469,78.4800033569336,1915000
2021-06-01,71.96898651123047,78.41000366210938,79.83000183105469,78.2750015258789,79.16999816894531,2207600
2021-06-02,71.84049224853516,78.2699966430664,78.76000213623047,77.7699966430664,78.41999816894531,1898600
2021-06-03,72.6390151977539,79.13999938964844,79.43000030517578,77.66999816894531,78.25,1949900
2021-06-04,73.3090591430664,79.87000274658203,79.91999816894531,79.22000122070312,79.25,1644000
2021-06-07,73.07039642333984,79.61000061035156,80.80500030517578,79.47000122070312,80.4000015258789,1723600
2021-06-08,74.20855712890625,80.8499984741211,80.94999694824219,79.375,79.76000213623047,2647600
2021-06-09,74.11675262451172,80.75,81.18000030517578,80.33000183105469,80.79000091552734,1947300
2021-06-10,73.81388092041016,80.41999816894531,81.55999755859375,79.79000091552734,81.05000305175781,1753200
2021-06-11,73.92402648925781,80.54000091552734,80.98999786376953,79.69999694824219,80.8499984741211,1527800
2021-06-14,74.16265869140625,80.80000305175781,80.80000305175781,80.12999725341797,80.56999969482422,1232700
2021-06-15,74.3370361328125,80.98999786376953,81.2699966430664,80.4229965209961,80.97000122070312,1341500
2021-06-16,74.00663757324219,80.62999725341797,81.30999755859375,80.29000091552734,81.01000213623047,2578100
2021-06-17,73.85977172851562,80.47000122070312,81.19000244140625,79.44499969482422,80.91999816894531,3734700
2021-06-18,72.96944427490234,79.5,80.16999816894531,78.92500305175781,79.76000213623047,4490800
2021-06-21,74.38294219970703,81.04000091552734,81.0999984741211,79.66999816894531,80.08999633789062,2582700
2021-06-22,74.68584442138672,81.37000274658203,81.80999755859375,80.75,81.04000091552734,1757800
2021-06-23,74.18101501464844,80.81999969482422,81.66000366210938,80.73999786376953,81.63999938964844,1276400
2021-06-24,74.68584442138672,81.37000274658203,81.69999694824219,80.69000244140625,80.88999938964844,1679100
2021-06-25,74.94286346435547,81.6500015258789,81.91000366210938,81.27999877929688,81.51000213623047,2532100
2021-06-28,74.9520263671875,81.66000366210938,81.75,80.73999786376953,81.5999984741211,1940000
2021-06-29,75.33753204345703,82.08000183105469,82.47000122070312,81.58000183105469,81.69000244140625,1844000
2021-06-30,75.05298614501953,81.7699966430664,82.41000366210938,81.2300033569336,81.8499984741211,1981700
2021-07-01,75.33753204345703,82.08000183105469,82.38999938964844,81.69999694824219,82.19000244140625,1576100
2021-07-02,75.86988830566406,82.66000366210938,82.94000244140625,81.8499984741211,82.19000244140625,1113100
2021-07-06,75.49353790283203,82.25,82.56999969482422,81.69999694824219,82.2699966430664,1570300
2021-07-07,77.17322540283203,84.08000183105469,84.6500015258789,82.31999969482422,82.86000061035156,1645300
2021-07-08,76.26453399658203,83.08999633789062,83.93000030517578,82.45999908447266,82.91999816894531,1478100
2021-07-09,76.93457794189453,83.81999969482422,84.01000213623047,83.2300033569336,83.83999633789062,1073300
2021-07-12,76.93457794189453,83.81999969482422,83.88999938964844,83.23999786376953,83.47000122070312,1506700
2021-07-13,76.66840362548828,83.52999877929688,84.38999938964844,83.30000305175781,84.01000213623047,1683000
2021-07-14,77.81572723388672,84.77999877929688,84.98200225830078,83.4000015258789,83.4000015258789,1772100
2021-07-15,78.228759765625,85.2300033569336,85.41999816894531,84.5,84.5,1769100
2021-07-16,77.94422149658203,84.91999816894531,85.55000305175781,84.87000274658203,85.06999969482422,1654800
2021-07-19,77.15486145019531,84.05999755859375,84.41000366210938,83.0199966430664,84.30999755859375,2534100
2021-07-20,79.02729034423828,86.0999984741211,86.29000091552734,84.13999938964844,84.44999694824219,1839200
2021-07-21,79.67896270751953,86.80999755859375,86.91000366210938,86.14800262451172,86.25,1447700
2021-07-22,80.15626525878906,87.33000183105469,87.6500015258789,86.62000274658203,87.0,2123200
2021-07-23,81.24850463867188,88.5199966430664,88.81800079345703,87.6500015258789,88.08000183105469,1648700
2021-07-26,81.74414825439453,89.05999755859375,90.19999694824219,86.8499984741211,89.94000244140625,3098600
2021-07-27,80.97314453125,88.22000122070312,89.15599822998047,87.5199966430664,89.0250015258789,1701900
2021-07-28,80.70697784423828,87.93000030517578,88.44000244140625,87.2699966430664,88.0199966430664,1670200
2021-07-29,81.56973266601562,88.87000274658203,88.94000244140625,87.87000274658203,88.3499984741211,2009900
2021-07-30,82.19389343261719,89.55000305175781,89.79000091552734,88.69000244140625,88.83999633789062,1545200
2021-08-02,82.54267883300781,89.93000030517578,90.66999816894531,89.68000030517578,89.68000030517578,1441000
2021-08-03,83.78179168701172,91.27999877929688,91.81999969482422,90.0999984741211,90.11000061035156,1683700
2021-08-04,83.3411865234375,90.80000305175781,91.66999816894531,90.56999969482422,91.0,1214800
2021-08-05,83.2769546508789,90.7300033569336,91.41000366210938,90.02999877929688,91.1500015258789,1547000
2021-08-06,82.73542022705078,90.13999938964844,91.31999969482422,89.95999908447266,91.02999877929688,1938600
2021-08-09,82.3591079711914,89.7300033569336,90.05999755859375,88.94000244140625,89.81999969482422,1867200
2021-08-10,82.48761749267578,89.87000274658203,90.55999755859375,89.38999938964844,89.88999938964844,1269500
2021-08-11,83.00160217285156,90.43000030517578,90.54000091552734,89.80999755859375,89.91000366210938,1539600
2021-08-12,82.79051208496094,90.19999694824219,90.43000030517578,89.55999755859375,90.43000030517578,1344100
2021-08-13,83.21272277832031,90.66000366210938,91.02999877929688,90.0999984741211,90.26000213623047,2823900
2021-08-16,84.35086059570312,91.9000015258789,92.0999984741211,90.45999908447266,90.75,2660100
2021-08-17,83.28612518310547,90.73999786376953,91.75,90.16999816894531,91.43000030517578,1821700
2021-08-18,83.06585693359375,90.5,91.72000122070312,90.30000305175781,90.47000122070312,2377400
2021-08-19,83.0106430053711,90.19999694824219,90.88999938964844,89.30999755859375,89.56999969482422,1343500
2021-08-20,82.84497833251953,90.0199966430664,90.41000366210938,89.47000122070312,89.83000183105469,3291500
2021-08-23,82.75294494628906,89.91999816894531,90.98999786376953,89.86000061035156,90.54000091552734,2037500
2021-08-24,83.16708374023438,90.37000274658203,90.76000213623047,89.65499877929688,89.86000061035156,2585500
2021-08-25,83.86652374267578,91.12999725341797,91.47000122070312,90.62000274658203,90.7699966430664,2034500
2021-08-26,84.49231719970703,91.80999755859375,92.0,90.91000366210938,90.91999816894531,1527800
2021-08-27,84.67636108398438,92.01000213623047,92.67900085449219,91.76000213623047,92.11000061035156,1195500
2021-08-30,85.00765991210938,92.37000274658203,92.83999633789062,91.7750015258789,92.01000213623047,867900
2021-08-31,84.86964416503906,92.22000122070312,92.6449966430664,91.86000061035156,92.37000274658203,2124700
2021-09-01,84.20701599121094,91.5,92.19999694824219,90.95500183105469,92.19000244140625,1711600
2021-09-02,84.72238159179688,92.05999755859375,92.45999908447266,91.6500015258789,91.9000015258789,1547000
2021-09-03,84.50151062011719,91.81999969482422,92.45500183105469,91.58000183105469,91.88999938964844,1313400
2021-09-07,82.25598907470703,89.37999725341797,91.56999969482422,89.26000213623047,91.56999969482422,2056300
2021-09-08,83.48918151855469,90.72000122070312,91.05999755859375,89.04199981689453,89.12999725341797,2312400
2021-09-09,83.2683334350586,90.4800033569336,91.26000213623047,90.12000274658203,90.83999633789062,1610300
2021-09-10,83.3327407836914,90.55000305175781,91.23999786376953,90.19999694824219,91.02999877929688,1494900
2021-09-13,82.78054809570312,89.94999694824219,91.70999908447266,89.40499877929688,91.33000183105469,2013200
2021-09-14,83.15787506103516,90.36000061035156,90.83000183105469,89.26499938964844,90.20999908447266,2113700
2021-09-15,83.148681640625,90.3499984741211,90.58000183105469,89.45999908447266,90.58000183105469,2868600
2021-09-16,81.1700439453125,88.19999694824219,90.3499984741211,87.625,90.3499984741211,3171200
2021-09-17,78.24349975585938,85.0199966430664,87.44999694824219,84.88999938964844,87.26000213623047,11037500
2021-09-20,76.5501708984375,83.18000030517578,84.4000015258789,82.2699966430664,84.0,4458100
2021-09-21,75.46418762207031,82.0,84.12000274658203,81.93000030517578,83.31999969482422,4208800
2021-09-22,77.57169342041016,84.29000091552734,85.55000305175781,83.12000274658203,83.86000061035156,3488600
2021-09-23,78.9061050415039,85.73999786376953,86.80999755859375,84.02999877929688,84.52999877929688,4250200
2021-09-24,78.09625244140625,84.86000061035156,86.1449966430664,84.55999755859375,85.41999816894531,1874200
2021-09-27,77.51649475097656,84.2300033569336,85.13500213623047,84.05000305175781,84.55000305175781,1614400
2021-09-28,77.03791809082031,83.70999908447266,84.15599822998047,82.72000122070312,83.56999969482422,2440600
2021-09-29,76.67900848388672,83.31999969482422,84.38999938964844,83.11000061035156,83.9000015258789,1784600
2021-09-30,75.72189331054688,82.27999877929688,84.08000183105469,82.2699966430664,83.87999725341797,2354800
2021-10-01,75.92434692382812,82.5,83.0,81.05000305175781,82.66000366210938,2530400
2021-10-04,75.38139343261719,81.91000366210938,83.125,81.58000183105469,82.11000061035156,2474600
2021-10-05,76.7158203125,83.36000061035156,83.74500274658203,81.8499984741211,82.27999877929688,2080900
2021-10-06,76.26488494873047,82.87000274658203,83.5,81.20999908447266,82.79000091552734,1916800
2021-10-07,77.65452575683594,84.37999725341797,85.11000061035156,83.77999877929688,83.94000244140625,2487900
2021-10-08,76.79865264892578,83.44999694824219,84.38500213623047,82.6500015258789,83.91000366210938,1942600
2021-10-11,75.11450958251953,81.62000274658203,83.5,81.55999755859375,83.2300033569336,2134100
2021-10-12,75.40899658203125,81.94000244140625,82.18499755859375,81.27999877929688,81.80999755859375,2368900
2021-10-13,74.80160522460938,81.27999877929688,82.29000091552734,81.08000183105469,82.23999786376953,1519300
2021-10-14,76.76183319091797,83.41000366210938,83.48999786376953,81.94999694824219,81.95999908447266,2166500
2021-10-15,77.39683532714844,84.0999984741211,84.69000244140625,83.48999786376953,83.91999816894531,1681400
2021-10-18,76.67900848388672,83.31999969482422,83.86900329589844,82.9729995727539,83.66000366210938,1452300
2021-10-19,77.69133758544922,84.41999816894531,84.73999786376953,83.7699966430664,84.0,1388000
2021-10-20,78.64842224121094,85.45999908447266,86.45999908447266,84.2300033569336,84.62999725341797,2339900
2021-10-21,78.54720306396484,85.3499984741211,85.38999938964844,83.48999786376953,84.18000030517578,1917700
2021-10-22,78.80487823486328,85.62999725341797,86.70999908447266,85.41000366210938,85.86000061035156,2678500
2021-10-25,75.33538055419922,81.86000061035156,83.94999694824219,81.08999633789062,81.08999633789062,3623700
2021-10-26,73.8720932006836,80.2699966430664,82.5999984741211,79.76000213623047,82.33499908447266,3657600
2021-10-27,73.3659439086914,79.72000122070312,80.83000183105469,79.48999786376953,80.66999816894531,2896600
2021-10-28,73.54999542236328,79.91999816894531,80.16000366210938,78.5999984741211,79.5999984741211,2435300
2021-10-29,73.9089126586914,80.30999755859375,81.4800033569336,79.54000091552734,79.55999755859375,2870500
2021-11-01,74.47029113769531,80.91999816894531,81.16000366210938,80.12999725341797,80.45999908447266,1846100
2021-11-02,74.64513397216797,81.11000061035156,81.44999694824219,80.1500015258789,81.33000183105469,1465500
2021-11-03,74.18502044677734,80.61000061035156,81.81999969482422,79.61499786376953,81.27999877929688,2306700
2021-11-04,75.31697845458984,81.83999633789062,81.86000061035156,80.79000091552734,80.94000244140625,1943200
2021-11-05,75.19731140136719,81.70999908447266,82.70999908447266,81.55999755859375,82.12999725341797,1500900
2021-11-08,75.6850814819336,82.23999786376953,82.38899993896484,81.39299774169922,82.11000061035156,2422400
2021-11-09,76.8814926147461,83.54000091552734,83.66999816894531,82.06999969482422,82.4000015258789,3078900
2021-11-10,76.7158203125,83.36000061035156,84.44999694824219,83.19000244140625,83.94999694824219,2986300
2021-11-11,76.75263977050781,83.4000015258789,83.69999694824219,82.7699966430664,83.44999694824219,1743500
2021-11-12,78.80487823486328,85.62999725341797,85.6500015258789,83.30999755859375,83.94000244140625,1737600
2021-11-15,77.4520492553711,84.16000366210938,85.58999633789062,83.93699645996094,85.5,1319100
2021-11-16,77.78335571289062,84.5199966430664,84.98999786376953,84.22000122070312,84.55999755859375,1532800
2021-11-17,78.74967193603516,85.56999969482422,86.04499816894531,84.09500122070312,84.36000061035156,2657800
2021-11-18,79.58026123046875,86.2300033569336,86.41999816894531,84.68000030517578,84.79000091552734,2586400
2021-11-19,79.60795593261719,86.26000213623047,87.83000183105469,86.06999969482422,86.44000244140625,2901700
2021-11-22,77.70680236816406,84.19999694824219,86.38999938964844,83.87000274658203,86.25,1770400
2021-11-23,77.34687805175781,83.80999755859375,84.375,83.5199966430664,84.0,1683000
2021-11-24,77.94674682617188,84.45999908447266,84.55000305175781,82.87000274658203,83.6500015258789,1024700
2021-11-26,76.77470397949219,83.19000244140625,84.2300033569336,82.5,82.93000030517578,1170100
2021-11-29,77.13462829589844,83.58000183105469,84.33999633789062,82.98999786376953,84.11000061035156,1934300
2021-11-30,74.1998519897461,80.4000015258789,83.58000183105469,80.1500015258789,83.08000183105469,2602300
2021-12-01,74.2459945678711,80.44999694824219,83.33999633789062,80.41999816894531,81.69999694824219,2247400
2021-12-02,76.4609146118164,82.8499984741211,83.06900024414062,80.8550033569336,80.86000061035156,2224700
2021-12-03,76.41476440429688,82.80000305175781,83.5999984741211,81.91999816894531,83.3499984741211,2236400
2021-12-06,77.53144836425781,84.01000213623047,84.48999786376953,82.68000030517578,83.4000015258789,2046200
2021-12-07,79.09113311767578,85.69999694824219,86.26000213623047,84.72000122070312,85.13999938964844,2093000
2021-12-08,79.56179809570312,86.20999908447266,86.51599884033203,84.69999694824219,85.6500015258789,2923600
2021-12-09,79.5433349609375,86.19000244140625,86.61000061035156,85.16999816894531,86.04000091552734,2406900
2021-12-10,79.44182586669922,86.08000183105469,86.56999969482422,85.79499816894531,86.31999969482422,2379000
2021-12-13,78.79581451416016,85.37999725341797,86.63999938964844,84.80000305175781,86.25,2502400
2021-12-14,78.26976013183594,84.80999755859375,85.4000015258789,84.07499694824219,85.06999969482422,2178600
2021-12-15,78.37127685546875,84.91999816894531,85.38500213623047,83.48100280761719,85.05000305175781,2011900
2021-12-16,79.83866119384766,86.51000213623047,86.86499786376953,85.20999908447266,85.70999908447266,3345100
2021-12-17,77.6698989868164,84.16000366210938,86.66999816894531,84.0199966430664,85.43000030517578,2875700
2021-12-20,75.98101806640625,82.33000183105469,83.25,80.57499694824219,83.25,2440500
2021-12-21,77.68836212158203,84.18000030517578,84.27999877929688,82.80999755859375,83.33000183105469,1415100
2021-12-22,77.80834197998047,84.30999755859375,84.55999755859375,83.63999938964844,84.12999725341797,1014500
2021-12-23,78.67582702636719,85.25,85.58799743652344,84.43000030517578,84.8499984741211,933100
2021-12-27,79.847900390625,86.5199966430664,86.54000091552734,85.58999633789062,85.7300033569336,674400
2021-12-28,79.7925033569336,86.45999908447266,86.70999908447266,86.12999725341797,86.48999786376953,730200
2021-12-29,80.12477111816406,86.81999969482422,87.23300170898438,86.22000122070312,86.22000122070312,1229700
2021-12-30,79.70024108886719,86.36000061035156,87.27400207519531,86.30000305175781,86.87000274658203,864300
2021-12-31,80.35546875,87.06999969482422,87.56900024414062,86.16999816894531,86.16999816894531,985600
2022-01-03,78.97115325927734,85.56999969482422,88.22000122070312,84.58000183105469,87.19999694824219,2209600
2022-01-04,79.571044921875,86.22000122070312,86.45999908447266,84.97000122070312,85.4000015258789,1739200
2022-01-05,77.36534118652344,83.83000183105469,87.1050033569336,83.7300033569336,86.52999877929688,2656900
2022-01-06,78.17747497558594,84.70999908447266,84.9800033569336,83.77999877929688,84.19000244140625,1641400
2022-01-07,77.85448455810547,84.36000061035156,85.2699966430664,84.20999908447266,84.4000015258789,2351500
2022-01-10,78.13133239746094,84.66000366210938,84.69000244140625,82.45999908447266,83.80999755859375,1940000
2022-01-11,79.58948516845703,86.23999786376953,86.29000091552734,84.18000030517578,85.19999694824219,2334200
2022-01-12,80.24473571777344,86.94999694824219,87.33999633789062,86.12999725341797,86.72000122070312,2864100
2022-01-13,79.14651489257812,85.76000213623047,87.68000030517578,85.54000091552734,87.08999633789062,3365800
2022-01-14,77.68836212158203,84.18000030517578,85.6449966430664,83.04000091552734,84.86000061035156,2870400
2022-01-18,77.42071533203125,83.88999938964844,84.1500015258789,81.68000030517578,83.05000305175781,2640500
2022-01-19,76.69163513183594,83.0999984741211,84.44000244140625,82.8499984741211,84.19999694824219,2632200
2022-01-20,75.87026977539062,82.20999908447266,84.0999984741211,81.83999633789062,83.5999984741211,3534500
2022-01-21,76.70088195800781,83.11000061035156,83.9000015258789,81.56999969482422,82.20999908447266,2844000
2022-01-24,76.8116226196289,83.2300033569336,83.3499984741211,80.13999938964844,81.68000030517578,4451900
2022-01-25,76.57164764404297,82.97000122070312,83.62999725341797,80.91999816894531,81.7300033569336,4027200
2022-01-26,75.23345947265625,81.5199966430664,84.62000274658203,81.0,83.56999969482422,3633100
2022-01-27,76.23941802978516,82.61000061035156,83.41999816894531,81.30000305175781,82.30000305175781,3093400
2022-01-28,76.3870849609375,82.7699966430664,82.81999969482422,80.83999633789062,82.20999908447266,4367500
2022-01-31,78.84194946289062,85.43000030517578,85.69499969482422,80.5199966430664,81.30000305175781,4710600
2022-02-01,77.11615753173828,83.55999755859375,86.37000274658203,81.56999969482422,85.8499984741211,4970900
2022-02-02,76.84854125976562,83.2699966430664,84.31199645996094,82.43000030517578,83.81999969482422,2889900
2022-02-03,75.53804016113281,81.8499984741211,83.62999725341797,81.75,82.66999816894531,2902900
2022-02-04,76.08252716064453,82.44000244140625,83.2300033569336,80.97000122070312,81.26000213623047,3508500
2022-02-07,75.36270141601562,81.66000366210938,82.9000015258789,81.5,82.5999984741211,1790200
2022-02-08,77.58683013916016,84.06999969482422,84.26000213623047,81.8949966430664,82.04000091552734,3294300
2022-02-09,77.30998229980469,83.7699966430664,85.11399841308594,83.41000366210938,84.91000366210938,2132000
2022-02-10,75.26116180419922,81.55000305175781,83.33000183105469,81.19999694824219,82.87999725341797,1926400
2022-02-11,73.49844360351562,79.63999938964844,81.83999633789062,79.11000061035156,81.5999984741211,2494800
2022-02-14,73.59998321533203,79.75,80.25,78.66999816894531,79.55999755859375,3899000
2022-02-15,72.7140121459961,78.79000091552734,81.68000030517578,78.54499816894531,81.18000030517578,4126300
2022-02-16,72.78783416748047,78.87000274658203,79.31999969482422,77.45999908447266,78.94000244140625,3305200
2022-02-17,70.55689239501953,76.22000122070312,78.0999984741211,76.16100311279297,78.02999877929688,2253500
2022-02-18,70.67724609375,76.3499984741211,76.91999816894531,75.33999633789062,76.05000305175781,6320300
2022-02-22,70.6309585571289,76.30000305175781,77.51000213623047,75.87999725341797,76.0999984741211,2481400
2022-02-23,69.14057922363281,74.69000244140625,76.80000305175781,74.16000366210938,76.7699966430664,2771000
2022-02-24,70.89939880371094,76.58999633789062,76.93000030517578,73.0999984741211,73.32499694824219,3807000
2022-02-25,72.67676544189453,78.51000213623047,78.77999877929688,76.45999908447266,76.68000030517578,3005300
2022-02-28,72.51014709472656,78.33000183105469,78.93000030517578,77.16000366210938,77.16000366210938,3918500
2022-03-01,71.8806381225586,77.6500015258789,78.4800033569336,76.55999755859375,78.33999633789062,3501600
2022-03-02,72.92668914794922,78.77999877929688,79.00499725341797,78.05000305175781,78.18000030517578,3266200
2022-03-03,73.29695892333984,79.18000030517578,80.54000091552734,78.69999694824219,79.66999816894531,2660900
2022-03-04,72.16761779785156,77.95999908447266,78.58000183105469,76.66000366210938,78.20999908447266,2967900
2022-03-07,68.77955627441406,74.30000305175781,78.08999633789062,74.25,77.80000305175781,2768400
2022-03-08,68.03900146484375,73.5,75.2300033569336,73.4800033569336,74.20999908447266,3249800
2022-03-09,69.66822052001953,75.26000213623047,76.19999694824219,74.76000213623047,74.94000244140625,3050200
2022-03-10,68.31671905517578,73.80000305175781,74.55000305175781,73.30000305175781,74.30000305175781,3981100
2022-03-11,67.02073669433594,72.4000015258789,74.11499786376953,72.2699966430664,73.98999786376953,3290800
2022-03-14,66.6319351196289,71.9800033569336,73.375,71.06999969482422,73.33000183105469,4014900
2022-03-15,68.1778564453125,73.6500015258789,73.91000366210938,71.94999694824219,72.5,4655600
2022-03-16,69.8904037475586,75.5,76.83000183105469,74.0,74.51000213623047,2692800
2022-03-17,70.71426391601562,76.38999938964844,76.44000244140625,74.98999786376953,75.04000091552734,1868200
2022-03-18,72.18614196777344,77.9800033569336,78.37000274658203,76.5199966430664,76.6500015258789,3822500
2022-03-21,71.58442687988281,77.33000183105469,78.16500091552734,76.41999816894531,77.5199966430664,1805000
2022-03-22,71.76956939697266,77.52999877929688,78.58000183105469,77.30000305175781,77.30000305175781,2601700
2022-03-23,70.76055145263672,76.44000244140625,77.61000061035156,76.25,77.12999725341797,1675300
2022-03-24,71.667724609375,77.41999816894531,77.47000122070312,75.94999694824219,76.37999725341797,1837900
2022-03-25,71.50111389160156,77.23999786376953,77.75,76.62000274658203,77.61000061035156,1531900
2022-03-28,72.21390533447266,78.01000213623047,78.05000305175781,76.31999969482422,76.95999908447266,2218200
2022-03-29,72.8063735961914,78.6500015258789,79.48999786376953,78.08999633789062,78.69999694824219,1812200
2022-03-30,71.97321319580078,77.75,78.6500015258789,77.69999694824219,78.0,1261600
2022-03-31,71.232666015625,76.94999694824219,78.34500122070312,76.9000015258789,77.61000061035156,2413400
2022-04-01,70.6124267578125,76.27999877929688,77.25399780273438,75.75,76.91000366210938,2591900
2022-04-04,70.9456787109375,76.63999938964844,76.75,75.80999755859375,76.30000305175781,1872600
2022-04-05,69.56639862060547,75.1500015258789,76.56999969482422,74.91000366210938,76.36000061035156,1582900
2022-04-06,70.56616973876953,76.2300033569336,76.3499984741211,74.16000366210938,74.33000183105469,2666000
2022-04-07,71.77883911132812,77.54000091552734,77.98999786376953,75.77999877929688,75.77999877929688,3012100
2022-04-08,71.50111389160156,77.23999786376953,78.19999694824219,77.11000061035156,77.26000213623047,2107000
2022-04-11,70.69576263427734,76.37000274658203,77.26000213623047,76.16000366210938,77.0,1750400
2022-04-12,70.25141906738281,75.88999938964844,77.19000244140625,75.48999786376953,76.5199966430664,2814200
2022-04-13,70.20515441894531,75.83999633789062,76.5,75.26000213623047,75.26000213623047,1592600
2022-04-14,69.19613647460938,74.75,76.48500061035156,74.69999694824219,76.02999877929688,1717000
2022-04-18,68.15007781982422,73.62000274658203,75.06999969482422,73.12000274658203,74.69000244140625,1517100
2022-04-19,69.77003479003906,75.37000274658203,75.4800033569336,73.87000274658203,74.02999877929688,1380400
2022-04-20,69.90892028808594,75.5199966430664,76.37000274658203,75.29000091552734,75.9800033569336,2107800
2022-04-21,69.62195587158203,75.20999908447266,76.62999725341797,74.83999633789062,76.0999984741211,2256200
2022-04-22,67.96493530273438,73.41999816894531,74.62999725341797,73.31999969482422,73.83999633789062,2115500
2022-04-25,69.05726623535156,74.5999984741211,76.02999877929688,73.05999755859375,75.27999877929688,4038900
2022-04-26,66.99296569824219,72.37000274658203,73.97000122070312,72.19000244140625,73.37000274658203,2231400
2022-04-27,68.1037826538086,73.56999969482422,74.3499984741211,72.30999755859375,72.30999755859375,2499900
2022-04-28,70.41803741455078,76.06999969482422,76.5199966430664,73.44000244140625,73.58999633789062,2837400
2022-04-29,67.42801666259766,72.83999633789062,75.91999816894531,72.56999969482422,75.58000183105469,2808100
2022-05-02,67.52986907958984,72.94999694824219,74.04000091552734,71.33000183105469,73.0,2627400
2022-05-03,67.87237548828125,73.31999969482422,73.62999725341797,72.46800231933594,72.91999816894531,2297000
2022-05-04,70.90866088867188,76.5999984741211,76.83000183105469,73.26000213623047,73.94000244140625,2700800
2022-05-05,69.13133239746094,74.68000030517578,76.0999984741211,73.93499755859375,75.48999786376953,2377800
2022-05-06,69.03874206542969,74.58000183105469,74.87000274658203,72.7699966430664,74.2300033569336,2470400
2022-05-09,67.86309814453125,73.30999755859375,74.19000244140625,72.7699966430664,73.29000091552734,2718000
2022-05-10,67.36323547363281,72.7699966430664,74.80000305175781,71.47000122070312,73.87000274658203,2771000
2022-05-11,67.48358154296875,72.9000015258789,73.9800033569336,72.33999633789062,72.70999908447266,3214400
2022-05-12,67.57615661621094,73.0,74.30000305175781,71.26000213623047,72.5199966430664,2482100
2022-05-13,69.52937316894531,75.11000061035156,75.48999786376953,73.48500061035156,73.83000183105469,2601200
2022-05-16,68.81657409667969,74.33999633789062,74.86000061035156,73.58000183105469,74.55999755859375,2101000
2022-05-17,69.8533706665039,75.45999908447266,75.45999908447266,73.86000061035156,75.04000091552734,2742800
2022-05-18,66.84484100341797,72.20999908447266,74.87000274658203,71.98999786376953,74.41000366210938,1899700
2022-05-19,67.46754455566406,72.58999633789062,73.48999786376953,71.20999908447266,71.26000213623047,1780500
2022-05-20,68.25756072998047,73.44000244140625,74.36000061035156,71.44999694824219,73.30999755859375,3017700
2022-05-23,68.65723419189453,73.87000274658203,74.7750015258789,73.12999725341797,73.98999786376953,2473100
2022-05-24,70.16291809082031,75.48999786376953,75.87999725341797,73.2300033569336,74.83000183105469,3071700
2022-05-25,68.34123229980469,73.52999877929688,74.91999816894531,72.7750015258789,74.72000122070312,2854900
2022-05-26,69.78184509277344,75.08000183105469,75.56999969482422,74.08000183105469,74.37999725341797,3380100
2022-05-27,70.915771484375,76.30000305175781,76.62000274658203,75.37999725341797,75.8499984741211,2837700
2022-05-31,69.14982604980469,74.4000015258789,75.65499877929688,73.7300033569336,75.55000305175781,9765400
2022-06-01,68.75017547607422,73.97000122070312,75.16999816894531,73.58000183105469,74.31999969482422,2384000
2022-06-02,69.93055725097656,75.23999786376953,75.36000061035156,73.6500015258789,74.0,2133600
2022-06-03,69.88408660888672,75.19000244140625,75.31999969482422,74.08999633789062,74.73999786376953,1415400
2022-06-06,69.89337158203125,75.19999694824219,76.05999755859375,75.08000183105469,75.52999877929688,1019900
2022-06-07,71.09233856201172,76.48999786376953,76.55999755859375,74.37999725341797,74.73999786376953,1582500
2022-06-08,70.95294189453125,76.33999633789062,76.94000244140625,75.19000244140625,75.83000183105469,1926900
2022-06-09,70.6369400024414,76.0,77.16000366210938,75.76000213623047,76.19000244140625,2505100
2022-06-10,68.11814880371094,73.29000091552734,75.02999877929688,73.2699966430664,74.79000091552734,2314500
2022-06-13,66.08271789550781,71.0999984741211,72.19999694824219,70.44999694824219,71.43000030517578,1860400
2022-06-14,64.32608032226562,69.20999908447266,71.20500183105469,68.63999938964844,70.91999816894531,1859400
2022-06-15,64.83726501464844,69.76000213623047,70.7699966430664,68.76000213623047,69.41000366210938,1629300
2022-06-16,63.15498352050781,67.94999694824219,68.48500061035156,66.97000122070312,68.41999816894531,1818700
2022-06-17,63.08992385864258,67.87999725341797,68.73999786376953,67.2300033569336,67.94000244140625,3669400
2022-06-21,64.93949890136719,69.87000274658203,70.11000061035156,68.16000366210938,68.80000305175781,2506000
2022-06-22,63.90782165527344,68.76000213623047,69.12000274658203,67.87000274658203,68.4800033569336,2621800
2022-06-23,63.74983596801758,68.58999633789062,69.5199966430664,67.91999816894531,68.68000030517578,1791000
2022-06-24,65.85962677001953,70.86000061035156,70.9000015258789,68.47000122070312,68.94999694824219,3453500
2022-06-27,64.98596954345703,69.91999816894531,71.37000274658203,69.125,71.30000305175781,2327700
2022-06-28,64.86515045166016,69.79000091552734,70.8499984741211,69.48999786376953,70.19999694824219,1877800
2022-06-29,64.85584259033203,69.77999877929688,70.19999694824219,68.5199966430664,69.5,2728700
2022-06-30,65.68305206298828,70.66999816894531,70.91000366210938,68.75,68.97000122070312,2822500
2022-07-01,66.82624053955078,71.9000015258789,72.24500274658203,70.2300033569336,70.9800033569336,2096300
2022-07-05,66.33365631103516,71.37000274658203,71.48999786376953,70.17500305175781,70.37999725341797,1936800
2022-07-06,66.23138427734375,71.26000213623047,71.77999877929688,70.58999633789062,71.45999908447266,2440000
2022-07-07,65.14397430419922,70.08999633789062,70.20999908447266,67.36000061035156,68.6500015258789,4386800
2022-07-08,64.95809173583984,69.88999938964844,70.37000274658203,68.82099914550781,70.0,2485600
2022-07-11,64.13088989257812,69.0,70.16999816894531,68.69999694824219,69.93000030517578,2116900
2022-07-12,63.98219299316406,68.83999633789062,70.19999694824219,68.55999755859375,68.88999938964844,2430700
2022-07-13,63.57323455810547,68.4000015258789,68.94999694824219,67.83000183105469,68.08000183105469,1635500
2022-07-14,64.12158966064453,68.98999786376953,69.0199966430664,67.0,67.31999969482422,2793600
2022-07-15,64.60489654541016,69.51000213623047,70.1500015258789,69.26000213623047,69.93000030517578,3010100
2022-07-18,64.0937271118164,68.95999908447266,70.48400115966797,68.77999877929688,69.88999938964844,1525900
2022-07-19,66.7704849243164,71.83999633789062,71.93000030517578,69.75,69.80000305175781,2450500
2022-07-20,67.54191589355469,72.66999816894531,72.76000213623047,71.0999984741211,72.04000091552734,1942400
2022-07-21,67.80215454101562,72.94999694824219,73.11499786376953,72.25,72.6500015258789,1520900
2022-07-22,66.82624053955078,71.9000015258789,73.29000091552734,71.37999725341797,73.08000183105469,3805300
2022-07-25,67.28166198730469,72.38999938964844,72.66000366210938,71.70999908447266,71.97000122070312,1620800
2022-07-26,67.58838653564453,72.72000122070312,72.79000091552734,71.58999633789062,72.38999938964844,1897800
2022-07-27,71.04589080810547,76.44000244140625,76.61000061035156,72.80000305175781,72.80000305175781,3786500
2022-07-28,71.42695617675781,76.8499984741211,77.48999786376953,75.91000366210938,76.05999755859375,2118300
2022-07-29,72.65379333496094,78.16999816894531,78.55000305175781,76.38999938964844,77.08999633789062,2183100
2022-08-01,72.75604248046875,78.27999877929688,79.05000305175781,77.30000305175781,77.30000305175781,2425700
2022-08-02,71.99391174316406,77.45999908447266,78.7699966430664,77.4000015258789,78.16999816894531,2146700
2022-08-03,73.63899230957031,79.2300033569336,79.69999694824219,77.45899963378906,77.8499984741211,2483600
2022-08-04,73.88994598388672,79.5,79.80999755859375,79.04000091552734,79.58000183105469,2129600
2022-08-05,73.72264099121094,79.31999969482422,79.71499633789062,78.55999755859375,78.91000366210938,1492700
2022-08-08,73.68545532226562,79.27999877929688,80.06500244140625,79.01499938964844,79.80000305175781,1882400
2022-08-09,73.29509735107422,78.86000061035156,79.08000183105469,78.36000061035156,78.9000015258789,1276600
2022-08-10,74.26173400878906,79.9000015258789,80.54499816894531,79.37999725341797,80.0,1419700
2022-08-11,74.91234588623047,80.5999984741211,81.54000091552734,80.0999984741211,80.70999908447266,1665800
2022-08-12,75.98118591308594,81.75,81.86000061035156,80.55000305175781,81.05999755859375,1758800
2022-08-15,75.79528045654297,81.55000305175781,81.94000244140625,81.01000213623047,81.26000213623047,2015600
2022-08-16,75.58150482177734,81.31999969482422,81.76000213623047,80.90499877929688,81.23999786376953,1862100
2022-08-17,74.89371490478516,80.58000183105469,80.86000061035156,80.16000366210938,80.5199966430664,1623200
2022-08-18,75.00567626953125,80.41000366210938,80.58999633789062,80.01000213623047,80.54000091552734,1183100
2022-08-19,74.0728759765625,79.41000366210938,80.19999694824219,78.98999786376953,80.02999877929688,1212500
2022-08-22,72.13268280029297,77.33000183105469,78.2750015258789,77.08999633789062,78.06999969482422,2493900
2022-08-23,71.7315902709961,76.9000015258789,77.66000366210938,76.55500030517578,77.12999725341797,1680300
2022-08-24,72.16997528076172,77.37000274658203,77.66000366210938,76.77999877929688,76.95999908447266,1676800
2022-08-25,72.92555236816406,78.18000030517578,78.23999786376953,77.38999938964844,77.70999908447266,1881600
2022-08-26,70.17382049560547,75.2300033569336,78.38999938964844,75.16999816894531,78.38999938964844,1482100
2022-08-29,69.09176635742188,74.06999969482422,74.80000305175781,73.88999938964844,74.75,1441700
2022-08-30,67.96309661865234,72.86000061035156,74.36000061035156,72.2300033569336,74.12999725341797,2247000
2022-08-31,67.36612701416016,72.22000122070312,73.48999786376953,71.83000183105469,73.19999694824219,3350600
2022-09-01,67.83251953125,72.72000122070312,72.76000213623047,71.31999969482422,72.13999938964844,1653600
2022-09-02,66.89971160888672,71.72000122070312,73.61000061035156,71.44999694824219,73.45999908447266,1565900
2022-09-06,67.23551940917969,72.08000183105469,72.1500015258789,70.93000030517578,71.69999694824219,1597300
2022-09-07,68.47614288330078,73.41000366210938,73.51000213623047,71.7300033569336,72.20999908447266,1751400
2022-09-08,68.00975036621094,72.91000366210938,73.22000122070312,72.41999816894531,72.94000244140625,1883900
2022-09-09,68.46683502197266,73.4000015258789,73.54000091552734,72.7699966430664,73.18000030517578,1803300
2022-09-12,68.83991241455078,73.80000305175781,74.0999984741211,72.87000274658203,73.98999786376953,1693800
2022-09-13,66.3400650024414,71.12000274658203,72.43000030517578,70.76000213623047,72.2699966430664,1756300
2022-09-14,65.1553955078125,69.8499984741211,71.17500305175781,69.30999755859375,71.05000305175781,2097200
2022-09-15,64.29723358154297,68.93000030517578,70.45999908447266,68.69000244140625,69.9000015258789,2129100
2022-09-16,63.243194580078125,67.80000305175781,68.30000305175781,67.0199966430664,68.16999816894531,3782500
2022-09-19,63.662925720214844,68.25,68.3499984741211,67.4000015258789,67.44999694824219,2338000
2022-09-20,63.075286865234375,67.62000274658203,68.01000213623047,66.88999938964844,67.83000183105469,1842500
2022-09-21,62.52491760253906,67.02999877929688,68.83999633789062,67.0199966430664,67.93000030517578,1579600
2022-09-22,61.05113220214844,65.44999694824219,67.11499786376953,65.3550033569336,66.58000183105469,1981000
2022-09-23,61.35894775390625,65.77999877929688,65.93000030517578,64.75499725341797,64.98999786376953,2551600
2022-09-26,60.976497650146484,65.37000274658203,66.58000183105469,64.8499984741211,65.4800033569336,2415500
2022-09-27,60.75263214111328,65.12999725341797,66.25,64.61000061035156,65.94000244140625,1890500
2022-09-28,61.349605560302734,65.7699966430664,66.2300033569336,64.8949966430664,65.7300033569336,2264400
2022-09-29,60.164974212646484,64.5,65.36000061035156,63.875,65.22000122070312,1910800
2022-09-30,59.51201629638672,63.79999923706055,64.91999816894531,63.7400016784668,64.52999877929688,2625600
2022-10-03,61.04179763793945,65.44000244140625,66.01000213623047,64.11000061035156,64.72000122070312,1905500
2022-10-04,62.54359436035156,67.05000305175781,67.4800033569336,66.28500366210938,66.45999908447266,2424900
2022-10-05,62.89804458618164,67.43000030517578,67.87999725341797,66.33499908447266,66.41999816894531,1452500
2022-10-06,62.31040573120117,66.80000305175781,67.61000061035156,66.69999694824219,67.22000122070312,1670000
2022-10-07,60.87389373779297,65.26000213623047,66.51000213623047,64.87000274658203,66.16999816894531,1446600
2022-10-10,60.64070129394531,65.01000213623047,65.98999786376953,64.47000122070312,65.80000305175781,841300
2022-10-11,60.39817810058594,64.75,65.56999969482422,64.4800033569336,64.97000122070312,1449200
2022-10-12,60.239593505859375,64.58000183105469,65.33999633789062,64.56500244140625,65.06999969482422,1637600
2022-10-13,60.64070129394531,65.01000213623047,65.55000305175781,62.4900016784668,63.18000030517578,1946400
2022-10-14,59.810508728027344,64.12000274658203,66.0999984741211,63.83000183105469,65.43000030517578,1632800
2022-10-17,60.976497650146484,65.37000274658203,65.7300033569336,64.80999755859375,65.02999877929688,1688600
2022-10-18,62.22644805908203,66.70999908447266,67.0,66.0,66.91999816894531,1637200
2022-10-19,61.825340270996094,66.27999877929688,66.94999694824219,65.66000366210938,66.47000122070312,1552300
2022-10-20,60.39817810058594,64.75,66.70500183105469,64.66999816894531,66.44000244140625,1923200
2022-10-21,62.30107116699219,66.79000091552734,66.94000244140625,64.30000305175781,65.02999877929688,2351000
2022-10-24,62.57158279418945,67.08000183105469,67.88999938964844,66.79000091552734,67.16999816894531,2518300
2022-10-25,64.22261047363281,68.8499984741211,68.91000366210938,66.9800033569336,66.9800033569336,2567100
2022-10-26,63.74687957763672,68.33999633789062,69.1500015258789,66.77999877929688,68.69000244140625,3656700
2022-10-27,65.30464172363281,70.01000213623047,71.5199966430664,68.4000015258789,68.51000213623047,3016900
2022-10-28,66.87174224853516,71.69000244140625,71.87000274658203,69.8499984741211,70.12000274658203,1918400
2022-10-31,65.89229583740234,70.63999938964844,71.5199966430664,70.23999786376953,70.68000030517578,2551900
2022-11-01,66.7038345336914,71.51000213623047,72.0199966430664,70.7300033569336,71.2699966430664,1885200
2022-11-02,65.4912109375,70.20999908447266,72.56999969482422,70.19999694824219,71.20999908447266,1782900
2022-11-03,65.4912109375,70.20999908447266,71.08999633789062,69.12000274658203,69.47000122070312,2035000
2022-11-04,68.29890441894531,73.22000122070312,73.87000274658203,71.29000091552734,71.29000091552734,2299000
2022-11-07,68.78395080566406,73.73999786376953,73.7699966430664,72.69000244140625,73.08999633789062,1777400
2022-11-08,68.24295043945312,73.16000366210938,74.19999694824219,72.5999984741211,73.94000244140625,1528100
2022-11-09,67.72991180419922,72.61000061035156,73.88999938964844,72.54000091552734,72.95999908447266,1743200
2022-11-10,70.51895141601562,75.5999984741211,76.11000061035156,74.5199966430664,74.5199966430664,2643400
2022-11-11,72.16997528076172,77.37000274658203,78.02999877929688,75.61499786376953,75.66000366210938,2984500
2022-11-14,72.54309844970703,77.7699966430664,79.55999755859375,76.72000122070312,76.76000213623047,4193900
2022-11-15,73.41991424560547,78.70999908447266,79.4800033569336,78.19000244140625,78.47000122070312,2349100
2022-11-16,73.13076782226562,78.4000015258789,79.75,78.33000183105469,78.44999694824219,2169600
2022-11-17,72.41920471191406,77.3499984741211,77.41000366210938,75.70999908447266,77.0,3420800
2022-11-18,72.8030776977539,77.76000213623047,78.76000213623047,77.41999816894531,78.18000030517578,3697600
2022-11-21,73.20565032958984,78.19000244140625,78.5199966430664,76.80500030517578,77.47000122070312,2068800
2022-11-22,73.26183319091797,78.25,78.58999633789062,77.5999984741211,78.55999755859375,1916300
2022-11-23,73.12139892578125,78.0999984741211,78.52999877929688,77.51000213623047,77.97000122070312,1898000
2022-11-25,73.65506744384766,78.66999816894531,79.01799774169922,78.22000122070312,78.54000091552734,971100
2022-11-28,71.47359466552734,76.33999633789062,78.36000061035156,76.19499969482422,78.0199966430664,2065800
2022-11-29,71.97916412353516,76.87999725341797,77.62000274658203,76.13999938964844,76.45999908447266,1869000
2022-11-30,73.11204528808594,78.08999633789062,78.16500091552734,75.5199966430664,76.80999755859375,3462100
2022-12-01,73.80486297607422,78.83000183105469,78.91000366210938,77.33999633789062,77.62000274658203,1776700
2022-12-02,74.66622924804688,79.75,80.16000366210938,77.5199966430664,78.06999969482422,1998300
2022-12-05,73.4771728515625,78.4800033569336,79.26000213623047,77.83999633789062,78.81999969482422,2100200
2022-12-06,74.14192199707031,79.19000244140625,79.22000122070312,78.25,78.47000122070312,2674000
2022-12-07,73.9640121459961,79.0,79.48999786376953,78.36000061035156,78.97000122070312,2151300
2022-12-08,74.6568603515625,79.73999786376953,80.0,79.05500030517578,79.87999725341797,2376700
2022-12-09,73.45845031738281,78.45999908447266,80.0,78.3550033569336,79.87000274658203,1417200
2022-12-12,75.4058609008789,80.54000091552734,80.62000274658203,78.5199966430664,78.9000015258789,1681200
2022-12-13,75.78972625732422,80.94999694824219,82.0,80.58000183105469,82.0,2600900
2022-12-14,75.13433074951172,80.25,81.94000244140625,79.9000015258789,81.0,3025900
2022-12-15,73.79550170898438,78.81999969482422,79.56999969482422,77.98999786376953,79.33999633789062,2119400
2022-12-16,73.58952331542969,78.5999984741211,78.7300033569336,77.69999694824219,78.20999908447266,4036900
2022-12-19,72.90605163574219,77.87000274658203,79.01499938964844,77.5719985961914,78.62999725341797,1532700
2022-12-20,72.95286560058594,77.91999816894531,78.26000213623047,77.51000213623047,77.9000015258789,1889800
2022-12-21,73.99209594726562,79.02999877929688,79.12999725341797,77.91000366210938,78.44000244140625,1621700
2022-12-22,73.15885162353516,78.13999938964844,78.77999877929688,77.0999984741211,78.55999755859375,1379600
2022-12-23,73.36482238769531,78.36000061035156,78.62999725341797,77.73999786376953,77.9000015258789,810400
2022-12-27,73.5052719116211,78.51000213623047,78.97000122070312,78.01000213623047,78.37000274658203,955400
2022-12-28,72.46601104736328,77.4000015258789,78.75,77.38999938964844,78.5999984741211,882800
2022-12-29,74.02957153320312,79.06999969482422,79.2300033569336,77.5999984741211,78.04000091552734,957700
2022-12-30,73.31800842285156,78.30999755859375,78.98999786376953,77.55000305175781,78.80000305175781,995900
2023-01-03,74.07637023925781,79.12000274658203,79.45999908447266,78.41000366210938,78.94000244140625,1317300
2023-01-04,75.62120056152344,80.7699966430664,80.87000274658203,79.30000305175781,79.77999877929688,1611900
2023-01-05,75.0219955444336,80.12999725341797,80.80999755859375,79.95999908447266,80.51000213623047,2136300
2023-01-06,76.63233947753906,81.8499984741211,82.05000305175781,80.41000366210938,80.98999786376953,1555400
2023-01-09,76.27658081054688,81.47000122070312,82.92500305175781,81.31500244140625,81.9800033569336,1652600
2023-01-10,76.46382904052734,81.66999816894531,81.7699966430664,80.7699966430664,81.37999725341797,1975300
2023-01-11,76.67916870117188,81.9000015258789,82.2300033569336,81.13999938964844,82.2300033569336,2683300
2023-01-12,77.61541748046875,82.9000015258789,82.98999786376953,80.75,82.0,2503600
2023-01-13,77.94309997558594,83.25,83.30000305175781,82.22200012207031,82.63999938964844,1272000
2023-01-17,77.69031524658203,82.9800033569336,83.48999786376953,82.875,83.26000213623047,1946300
2023-01-18,76.576171875,81.79000091552734,83.4000015258789,81.7699966430664,83.22000122070312,1876300
2023-01-19,74.57258605957031,79.6500015258789,81.7699966430664,79.62000274658203,81.52999877929688,1552100
2023-01-20,75.65864562988281,80.80999755859375,80.83999633789062,79.16000366210938,80.04000091552734,1787600
2023-01-23,76.16423034667969,81.3499984741211,81.78500366210938,79.88999938964844,80.62000274658203,1104400
2023-01-24,76.87577056884766,82.11000061035156,82.5250015258789,80.26000213623047,80.26000213623047,1542900
2023-01-25,75.79908752441406,80.95999908447266,81.5,80.04000091552734,81.5,1448800
2023-01-26,75.91143035888672,81.08000183105469,81.45999908447266,80.16000366210938,81.41000366210938,1353100
2023-01-27,76.02378845214844,81.19999694824219,81.5999984741211,80.38999938964844,80.91999816894531,1457100
2023-01-30,75.79908752441406,80.95999908447266,81.5199966430664,80.37000274658203,80.77999877929688,1334300
2023-01-31,76.98812866210938,82.2300033569336,82.2300033569336,81.01000213623047,81.5199966430664,2543400
2023-02-01,79.16958618164062,84.55999755859375,85.12000274658203,82.08000183105469,82.47000122070312,3058700
2023-02-02,78.51422119140625,83.86000061035156,85.54000091552734,83.79000091552734,85.43000030517578,2274200
2023-02-03,79.3287582397461,84.7300033569336,84.8499984741211,83.43499755859375,83.4800033569336,1580500
2023-02-06,78.33633422851562,83.66999816894531,84.8499984741211,83.54000091552734,83.97000122070312,1500100
2023-02-07,78.29888153076172,83.62999725341797,83.81999969482422,82.20999908447266,83.12000274658203,1641500
2023-02-08,78.20524597167969,83.52999877929688,84.0199966430664,83.04000091552734,83.41000366210938,1724200
2023-02-09,77.5311508178711,82.80999755859375,84.25,82.5,84.0199966430664,1745200
2023-02-10,77.91500854492188,83.22000122070312,83.43000030517578,82.37999725341797,82.81999969482422,1906000
2023-02-13,79.00106048583984,84.37999725341797,84.61000061035156,83.3499984741211,83.68000030517578,1758700
2023-02-14,78.95427703857422,84.33000183105469,84.87000274658203,83.69000244140625,84.37999725341797,1887400
2023-02-15,79.17897033691406,84.56999969482422,84.6500015258789,83.95999908447266,84.23999786376953,1182000
2023-02-16,78.53070831298828,83.58999633789062,84.16999816894531,83.09500122070312,83.44999694824219,1427500
2023-02-17,79.62992858886719,84.76000213623047,84.80999755859375,83.37000274658203,83.86000061035156,1800700
2023-02-21,78.03279113769531,83.05999755859375,84.30999755859375,82.86000061035156,83.9000015258789,2365600
2023-02-22,78.32404327392578,83.37000274658203,84.12999725341797,83.05000305175781,83.75,1671900
2023-02-23,78.88772583007812,83.97000122070312,84.13999938964844,82.7300033569336,83.44000244140625,1371600
2023-02-24,78.56830596923828,83.62999725341797,84.0199966430664,83.05000305175781,83.63999938964844,1889500
2023-02-27,78.91590118408203,84.0,84.5199966430664,83.72000122070312,83.76000213623047,1362400
2023-02-28,79.49837493896484,84.62000274658203,84.98999786376953,83.94000244140625,83.97000122070312,2963600
2023-03-01,80.07145690917969,85.2300033569336,85.55999755859375,84.30999755859375,84.47000122070312,1914600
2023-03-02,80.48482513427734,85.66999816894531,85.9749984741211,84.69000244140625,85.13999938964844,1415400
2023-03-03,81.66856384277344,86.93000030517578,87.05999755859375,85.63999938964844,86.0,1292300
2023-03-06,81.405517578125,86.6500015258789,87.33000183105469,86.52999877929688,86.88999938964844,1704900
2023-03-07,79.98690032958984,85.13999938964844,86.80999755859375,84.98999786376953,86.80999755859375,1952400
2023-03-08,80.1748046875,85.33999633789062,85.63999938964844,84.5,85.22000122070312,1703600
2023-03-09,79.05683135986328,84.1500015258789,85.76000213623047,84.0,85.66000366210938,1731600
2023-03-10,77.17787170410156,82.1500015258789,84.12999725341797,81.79000091552734,84.12999725341797,1962300
2023-03-13,76.98058319091797,81.94000244140625,82.98500061035156,81.2300033569336,81.36000061035156,2497000
2023-03-14,78.38040161132812,83.43000030517578,83.94000244140625,82.48999786376953,83.1500015258789,2293000
2023-03-15,76.247802734375,81.16000366210938,82.62999725341797,79.66000366210938,82.30999755859375,2710400
2023-03-16,76.57662200927734,81.51000213623047,81.63999938964844,80.01000213623047,80.41000366210938,1854400
2023-03-17,75.19558715820312,80.04000091552734,81.23999786376953,79.61000061035156,81.16999816894531,3538700
2023-03-20,76.83026885986328,81.77999877929688,81.88999938964844,80.44000244140625,80.68000030517578,1624900
2023-03-21,77.32818603515625,82.30999755859375,82.93000030517578,81.8550033569336,82.6500015258789,1237300
2023-03-22,75.75926208496094,80.63999938964844,82.48999786376953,80.61000061035156,82.12999725341797,1464400
2023-03-23,75.42105865478516,80.27999877929688,81.50399780273438,79.62000274658203,80.30000305175781,1890300
2023-03-24,75.62773895263672,80.5,80.6500015258789,78.52999877929688,79.16000366210938,1766800
2023-03-27,76.08808135986328,80.98999786376953,81.47000122070312,80.51000213623047,81.08999633789062,1432800
2023-03-28,76.77389526367188,81.72000122070312,81.75,80.7699966430664,80.93000030517578,1217200
2023-03-29,77.81671905517578,82.83000183105469,83.05999755859375,82.13999938964844,82.52999877929688,1531400
2023-03-30,78.09857177734375,83.12999725341797,83.63999938964844,82.69300079345703,83.11000061035156,1189600
2023-03-31,79.29170227050781,84.4000015258789,84.47000122070312,83.3949966430664,83.58999633789062,2608900
2023-04-03,79.10379791259766,84.19999694824219,84.80000305175781,83.7699966430664,84.2699966430664,1382200
2023-04-04,75.74988555908203,80.62999725341797,84.70999908447266,80.25,84.0999984741211,2606800
2023-04-05,74.58492279052734,79.38999938964844,80.47000122070312,79.06999969482422,80.11000061035156,1723500
2023-04-06,73.73938751220703,78.48999786376953,79.0999984741211,77.87999725341797,79.08999633789062,1826200
2023-04-10,74.34065246582031,79.12999725341797,79.1500015258789,76.88999938964844,77.94999694824219,1235800
2023-04-11,74.94193267822266,79.7699966430664,80.16999816894531,79.23999786376953,79.55999755859375,1407100
2023-04-12,75.84381866455078,80.7300033569336,81.27999877929688,79.86000061035156,80.1500015258789,1327500
2023-04-13,76.247802734375,81.16000366210938,81.30000305175781,79.55000305175781,80.66000366210938,1565200
2023-04-14,76.34174346923828,81.26000213623047,82.0,80.76000213623047,80.9749984741211,926000
2023-04-17,77.39395904541016,82.37999725341797,82.41000366210938,81.48999786376953,81.54000091552734,1312700
2023-04-18,77.30941772460938,82.29000091552734,83.23999786376953,82.04000091552734,82.80000305175781,2024100
2023-04-19,77.5066909790039,82.5,82.51000213623047,81.61499786376953,81.66999816894531,1143400
2023-04-20,77.7415542602539,82.75,82.81999969482422,81.72000122070312,82.2699966430664,1905100
2023-04-21,77.72277069091797,82.7300033569336,83.47000122070312,81.91000366210938,83.26000213623047,1042500
2023-04-24,78.0234146118164,83.05000305175781,83.47000122070312,82.48999786376953,82.58000183105469,1715400
2023-04-25,77.6476058959961,82.6500015258789,83.45500183105469,82.5,82.98999786376953,2137700
2023-04-26,76.92422485351562,81.87999725341797,83.47000122070312,81.55000305175781,81.9000015258789,2947600
2023-04-27,80.68212127685547,85.87999725341797,85.91999816894531,82.08000183105469,82.83000183105469,2353000
2023-04-28,80.13722229003906,85.30000305175781,86.63999938964844,85.0,86.20999908447266,1973800
2023-05-01,80.74788665771484,85.94999694824219,86.37999725341797,85.36000061035156,85.62999725341797,1347200
2023-05-02,81.03912353515625,86.26000213623047,86.36000061035156,84.7249984741211,85.87000274658203,1290800
2023-05-03,80.36270141601562,85.54000091552734,86.91999816894531,85.4749984741211,86.7699966430664,1370300
2023-05-04,80.13722229003906,85.30000305175781,86.19000244140625,85.08000183105469,86.04000091552734,1857800
2023-05-05,80.75727844238281,85.95999908447266,86.69999694824219,85.63999938964844,86.1500015258789,1478000
2023-05-08,80.56938171386719,85.76000213623047,86.33999633789062,85.44000244140625,86.05000305175781,1546200
2023-05-09,80.27814483642578,85.44999694824219,85.66000366210938,85.08000183105469,85.66000366210938,1293100
2023-05-10,80.27814483642578,85.44999694824219,86.04000091552734,84.08999633789062,86.01000213623047,1871500
2023-05-11,79.4232177734375,84.54000091552734,85.02999877929688,84.08000183105469,84.83999633789062,1323100
2023-05-12,79.29170227050781,84.4000015258789,85.33000183105469,83.875,84.88999938964844,1437400
2023-05-15,79.39505004882812,84.51000213623047,84.68000030517578,83.98999786376953,84.45999908447266,1390000
2023-05-16,77.92005157470703,82.94000244140625,84.04000091552734,82.78900146484375,84.04000091552734,1812900
2023-05-17,78.6810302734375,83.75,84.08000183105469,82.86000061035156,83.43000030517578,2546300
2023-05-18,79.70923614501953,84.5,84.63500213623047,82.9000015258789,83.58999633789062,2172300
2023-05-19,79.76583862304688,84.55999755859375,85.23999786376953,83.91999816894531,85.23999786376953,2092800
2023-05-22,79.31304931640625,84.08000183105469,84.80999755859375,83.61000061035156,84.31999969482422,1553300
2023-05-23,77.57736206054688,82.23999786376953,83.5999984741211,81.93000030517578,83.29000091552734,2892200
2023-05-24,76.50200653076172,81.0999984741211,82.10900115966797,80.93000030517578,81.9800033569336,1987500
2023-05-25,76.81330871582031,81.43000030517578,81.55000305175781,80.69999694824219,81.37000274658203,2541800
2023-05-26,77.15289306640625,81.79000091552734,81.93000030517578,80.91000366210938,81.37999725341797,2736400
2023-05-30,76.62464141845703,81.2300033569336,82.02999877929688,80.9000015258789,81.94999694824219,1823500
2023-05-31,75.00213623046875,79.51000213623047,81.08000183105469,79.08000183105469,80.9000015258789,6744600
2023-06-01,76.88875579833984,81.51000213623047,81.73999786376953,79.02999877929688,79.7300033569336,2415100
2023-06-02,80.74686431884766,85.5999984741211,85.94999694824219,83.13999938964844,83.13999938964844,3155200
2023-06-05,79.737548828125,84.52999877929688,85.52999877929688,84.08000183105469,85.52999877929688,1683900
2023-06-06,80.67139434814453,85.5199966430664,85.69999694824219,84.44999694824219,84.5,1431500
2023-06-07,82.2467269897461,87.19000244140625,87.47000122070312,85.11000061035156,85.30999755859375,2151400
2023-06-08,81.2090835571289,86.08999633789062,87.49500274658203,85.99700164794922,87.20999908447266,1503700
2023-06-09,80.80345916748047,85.66000366210938,85.97000122070312,84.86000061035156,85.87999725341797,2064800
2023-06-12,81.5958480834961,86.5,86.66999816894531,85.19000244140625,85.69000244140625,1570700
2023-06-13,82.25614929199219,87.19999694824219,87.72000122070312,86.63999938964844,86.76000213623047,1724000
2023-06-14,82.548583984375,87.51000213623047,88.05000305175781,86.80000305175781,87.69000244140625,1854200
2023-06-15,83.52018737792969,88.54000091552734,88.7300033569336,87.16000366210938,87.4000015258789,1495900
2023-06-16,83.59564971923828,88.62000274658203,89.30000305175781,88.11000061035156,88.87000274658203,3054200
2023-06-20,82.14297485351562,87.08000183105469,88.06500244140625,86.75,87.7300033569336,1541400
2023-06-21,82.0674819946289,87.0,87.66000366210938,86.31999969482422,86.7300033569336,2063700
2023-06-22,81.19023132324219,86.06999969482422,87.01000213623047,85.80000305175781,87.01000213623047,1542600
2023-06-23,81.47322845458984,86.37000274658203,86.55999755859375,84.80000305175781,85.2699966430664,2143100
2023-06-26,82.18070220947266,87.12000274658203,87.38300323486328,86.4000015258789,86.4000015258789,1023200
2023-06-27,82.76554107666016,87.73999786376953,87.93000030517578,86.94999694824219,87.5,1052900
2023-06-28,82.548583984375,87.51000213623047,87.9000015258789,87.16000366210938,87.9000015258789,962000
2023-06-29,83.58621215820312,88.61000061035156,88.63999938964844,86.69999694824219,87.05000305175781,1107000
2023-06-30,83.96353912353516,89.01000213623047,90.11000061035156,89.01000213623047,89.33999633789062,2777000
2023-07-03,83.58621215820312,88.61000061035156,88.6500015258789,87.875,88.43000030517578,689400
2023-07-05,82.57688903808594,87.54000091552734,88.4000015258789,87.36000061035156,87.91999816894531,1549900
2023-07-06,81.49207305908203,86.38999938964844,87.26000213623047,86.04000091552734,86.97000122070312,1591800
2023-07-07,81.9354476928711,86.86000061035156,87.33999633789062,86.0199966430664,86.12000274658203,2034100
2023-07-10,82.33162689208984,87.27999877929688,87.58499908447266,86.55999755859375,86.97000122070312,1585500
2023-07-11,82.4731216430664,87.43000030517578,88.08999633789062,87.27999877929688,87.75,1337900
2023-07-12,83.68054962158203,88.70999908447266,89.43000030517578,87.25,88.19999694824219,2499900
2023-07-13,84.01071166992188,89.05999755859375,89.41999816894531,88.52799987792969,88.83000183105469,1250200
2023-07-14,83.68997955322266,88.72000122070312,88.95999908447266,87.9000015258789,88.76000213623047,930300
2023-07-17,83.52018737792969,88.54000091552734,89.18000030517578,88.12000274658203,88.45999908447266,1373700
2023-07-18,83.51075744628906,88.52999877929688,89.36000061035156,88.18000030517578,88.66000366210938,1859900
2023-07-19,83.08625793457031,88.08000183105469,88.47000122070312,86.94999694824219,87.55000305175781,1783000
2023-07-20,81.9354476928711,86.86000061035156,87.51000213623047,85.80999755859375,86.48999786376953,2714300
2023-07-21,82.30333709716797,87.25,87.8499984741211,86.83999633789062,87.27999877929688,1788400
2023-07-24,82.28446197509766,87.2300033569336,87.90499877929688,87.0,87.52999877929688,1300200
2023-07-25,82.60517883300781,87.56999969482422,87.80999755859375,86.13999938964844,86.5,2330300
2023-07-26,85.58602142333984,90.7300033569336,91.02999877929688,85.2300033569336,85.93000030517578,4285500
2023-07-27,84.58612060546875,89.66999816894531,91.33000183105469,89.0199966430664,91.33000183105469,3478200
2023-07-28,84.94456481933594,90.05000305175781,90.81999969482422,89.11499786376953,90.5199966430664,2465400
2023-07-31,85.80298614501953,90.95999908447266,91.23999786376953,90.0999984741211,90.18000030517578,1961900
2023-08-01,85.1143798828125,90.2300033569336,90.93000030517578,89.86000061035156,90.16999816894531,1500100
2023-08-02,84.32199096679688,89.38999938964844,90.0250015258789,88.73999786376953,89.5199966430664,1594600
2023-08-03,84.53897094726562,89.62000274658203,90.12999725341797,88.9000015258789,89.22000122070312,1554600
2023-08-04,83.49188995361328,88.51000213623047,89.9000015258789,88.33000183105469,89.9000015258789,1135000
2023-08-07,85.08605194091797,90.19999694824219,90.27999877929688,88.94000244140625,88.94000244140625,1671100
2023-08-08,83.89750671386719,88.94000244140625,89.66999816894531,88.38999938964844,89.5199966430664,1651500
2023-08-09,83.01080322265625,88.0,89.18000030517578,87.93000030517578,88.83000183105469,1713300
2023-08-10,82.80326843261719,87.77999877929688,88.9800033569336,87.48999786376953,88.12999725341797,1628800
2023-08-11,82.45423126220703,87.41000366210938,87.87000274658203,87.01000213623047,87.31999969482422,1559200
2023-08-14,82.11466979980469,87.05000305175781,87.27999877929688,86.45999908447266,87.20999908447266,2050800
2023-08-15,80.8789291381836,85.73999786376953,86.87999725341797,85.31999969482422,86.43000030517578,2251800
2023-08-16,80.43556213378906,85.2699966430664,86.19499969482422,84.95999908447266,85.61000061035156,2331600
2023-08-17,79.4790267944336,83.91999816894531,86.04000091552734,83.9000015258789,85.37000274658203,2218000
2023-08-18,79.29907989501953,83.7300033569336,84.5,83.18000030517578,83.18000030517578,1949600
2023-08-21,79.10018920898438,83.5199966430664,83.8499984741211,82.9800033569336,83.69999694824219,1660300
2023-08-22,78.56034851074219,82.94999694824219,84.2300033569336,82.76000213623047,84.0,1955700
2023-08-23,79.41272735595703,83.8499984741211,84.0199966430664,82.69999694824219,83.22000122070312,1663100
2023-08-24,78.4561767578125,82.83999633789062,84.31999969482422,82.80000305175781,83.47000122070312,1902000
2023-08-25,79.43168640136719,83.87000274658203,84.29000091552734,82.83499908447266,83.55000305175781,2107900
2023-08-28,80.1609115600586,84.63999938964844,85.00499725341797,84.0999984741211,84.16000366210938,1158000
2023-08-29,80.9848861694336,85.51000213623047,85.75,84.2699966430664,84.55999755859375,1589000
2023-08-30,81.12694549560547,85.66000366210938,86.62999725341797,85.33000183105469,85.93000030517578,1583400
2023-08-31,81.02277374267578,85.55000305175781,86.56999969482422,85.52999877929688,85.77999877929688,1922300
2023-09-01,81.60995483398438,86.16999816894531,86.49500274658203,85.68000030517578,85.95999908447266,1188600
2023-09-05,79.88626861572266,84.3499984741211,86.26000213623047,84.16999816894531,86.06999969482422,1814500
2023-09-06,79.92414093017578,84.38999938964844,84.9800033569336,84.0,84.2300033569336,2179300
2023-09-07,78.57930755615234,82.97000122070312,84.72000122070312,82.93000030517578,83.7699966430664,2377800
2023-09-08,78.33306121826172,82.70999908447266,83.4000015258789,82.44999694824219,83.01000213623047,1922700
2023-09-11,78.59823608398438,82.98999786376953,83.55999755859375,82.5199966430664,83.1500015258789,1346000
2023-09-12,78.21941375732422,82.58999633789062,82.9800033569336,82.36000061035156,82.43000030517578,883300
2023-09-13,76.98820495605469,81.29000091552734,82.66999816894531,80.7699966430664,82.62999725341797,1579400
2023-09-14,77.35758209228516,81.68000030517578,82.31999969482422,80.93000030517578,81.91000366210938,1538800
2023-09-15,76.82718658447266,81.12000274658203,81.77999877929688,80.70999908447266,81.30999755859375,3555100
2023-09-18,77.0829086303711,81.38999938964844,81.91999816894531,80.94000244140625,81.08999633789062,1692200
2023-09-19,77.83111572265625,82.18000030517578,82.44000244140625,80.91999816894531,80.94999694824219,2322200
2023-09-20,77.37651062011719,81.69999694824219,82.73999786376953,81.56999969482422,82.41000366210938,1432000
2023-09-21,76.64725494384766,80.93000030517578,81.83000183105469,80.77999877929688,81.52999877929688,2768900
2023-09-22,76.54306030273438,80.81999969482422,81.52999877929688,80.70999908447266,80.94000244140625,1361500
2023-09-25,76.66619110107422,80.94999694824219,81.1500015258789,80.1500015258789,80.37999725341797,1074200
2023-09-26,75.09405517578125,79.29000091552734,80.71499633789062,79.20999908447266,80.47000122070312,3357400
2023-09-27,75.15087127685547,79.3499984741211,79.93000030517578,79.12999725341797,79.4000015258789,3145700
2023-09-28,76.21160888671875,80.47000122070312,80.9800033569336,79.13999938964844,79.52999877929688,1647900
2023-09-29,76.06006622314453,80.30999755859375,81.1500015258789,79.97000122070312,81.02999877929688,1763900
2023-10-02,75.29293823242188,79.5,80.52999877929688,79.16000366210938,80.05999755859375,1621100
2023-10-03,75.19822692871094,79.4000015258789,80.08000183105469,79.05000305175781,79.26000213623047,1645200
2023-10-04,75.82328796386719,80.05999755859375,80.13999938964844,78.78600311279297,79.55999755859375,1463200
2023-10-05,74.95198822021484,79.13999938964844,80.30000305175781,78.86000061035156,80.0199966430664,1197200
2023-10-06,75.33081817626953,79.54000091552734,80.08000183105469,78.41000366210938,79.0199966430664,2133500
2023-10-09,75.71910095214844,79.94999694824219,79.94999694824219,78.69999694824219,79.11000061035156,1506800
2023-10-10,76.05059051513672,80.30000305175781,80.91999816894531,79.94000244140625,80.16000366210938,1615900
2023-10-11,76.75141906738281,81.04000091552734,81.06999969482422,80.3499984741211,80.3499984741211,1576300
2023-10-12,76.18318176269531,80.44000244140625,81.37999725341797,80.06999969482422,81.36000061035156,1598400
2023-10-13,75.76647186279297,80.0,80.79000091552734,79.7249984741211,80.58999633789062,1767900
2023-10-16,76.2494888305664,80.51000213623047,81.04299926757812,80.08999633789062,80.6500015258789,1212200
2023-10-17,76.77984619140625,81.06999969482422,81.27999877929688,79.98500061035156,80.12999725341797,1172400
2023-10-18,74.67733764648438,78.8499984741211,80.5,78.80999755859375,80.44999694824219,2440300
2023-10-19,74.03331756591797,78.16999816894531,79.93000030517578,78.06400299072266,78.79000091552734,2441600
2023-10-20,73.42717742919922,77.52999877929688,78.44000244140625,77.40499877929688,78.23999786376953,2008100
2023-10-23,72.83999633789062,76.91000366210938,78.0999984741211,76.7300033569336,77.30999755859375,1822200
2023-10-24,73.1809310913086,77.2699966430664,78.01000213623047,76.6500015258789,77.58999633789062,2970400
2023-10-25,71.47620391845703,75.47000122070312,76.8949966430664,73.31999969482422,75.0999984741211,2910800
2023-10-26,71.5235595703125,75.5199966430664,76.47000122070312,75.26000213623047,75.75,1687000
2023-10-27,72.11073303222656,76.13999938964844,76.61000061035156,75.16000366210938,75.2300033569336,2331100
2023-10-30,72.48956298828125,76.54000091552734,76.9749984741211,75.77999877929688,76.69999694824219,1942500
2023-10-31,73.1241226196289,77.20999908447266,77.4000015258789,76.47000122070312,76.58000183105469,2165100
2023-11-01,72.74527740478516,76.80999755859375,77.69000244140625,76.22000122070312,77.38999938964844,2392200
2023-11-02,74.48790740966797,78.6500015258789,78.7699966430664,77.51000213623047,77.87999725341797,1974400
2023-11-03,75.58650970458984,79.80999755859375,80.58999633789062,79.55899810791016,79.63999938964844,2600600
2023-11-06,76.06953430175781,80.31999969482422,80.56999969482422,79.44000244140625,79.6500015258789,2205100
2023-11-07,75.64337158203125,79.87000274658203,80.3499984741211,79.54000091552734,79.91999816894531,1841700
2023-11-08,76.57147979736328,80.8499984741211,81.19999694824219,79.7300033569336,79.93000030517578,2355500
2023-11-09,76.382080078125,80.6500015258789,81.5199966430664,80.48999786376953,81.19999694824219,1762100
2023-11-10,77.68904113769531,82.02999877929688,82.30000305175781,80.63999938964844,80.87000274658203,2053400
2023-11-13,77.45228576660156,81.77999877929688,82.1500015258789,81.20999908447266,81.83999633789062,1250800
2023-11-14,79.49797058105469,83.94000244140625,84.19999694824219,82.43000030517578,83.0,2133500
2023-11-15,79.17594146728516,83.5999984741211,84.63999938964844,83.56999969482422,84.1500015258789,1852100
2023-11-16,79.80359649658203,83.91999816894531,84.12999725341797,83.20999908447266,83.23999786376953,1426900
2023-11-17,80.39318084716797,84.54000091552734,84.66000366210938,84.05000305175781,84.43000030517578,1775300
2023-11-20,80.64041900634766,84.80000305175781,85.08000183105469,83.66000366210938,84.54000091552734,1667500
2023-11-21,80.73552703857422,84.9000015258789,85.27999877929688,84.3550033569336,84.61000061035156,1346200
2023-11-22,80.77355194091797,84.94000244140625,85.38999938964844,84.5999984741211,85.13999938964844,1003300
2023-11-24,80.86865997314453,85.04000091552734,85.25,84.27999877929688,84.37999725341797,788800
2023-11-27,81.02079772949219,85.19999694824219,85.43000030517578,84.22000122070312,84.44000244140625,1423100
2023-11-28,80.16495513916016,84.30000305175781,85.16000366210938,84.23999786376953,85.1500015258789,1637800
2023-11-29,80.1934814453125,84.33000183105469,85.20999908447266,84.25,84.87999725341797,1714500
2023-11-30,81.58187103271484,85.79000091552734,85.87000274658203,83.98999786376953,84.55000305175781,2903000
2023-12-01,82.49475860595703,86.75,86.95999908447266,85.53500366210938,85.80000305175781,1662500
2023-12-04,82.96073150634766,87.23999786376953,87.2699966430664,86.11499786376953,86.12999725341797,1516500
2023-12-05,81.62940979003906,85.83999633789062,87.2300033569336,85.69000244140625,86.91000366210938,1803700
2023-12-06,82.20947265625,86.44999694824219,86.94000244140625,85.97000122070312,86.31999969482422,2032700
2023-12-07,82.40918731689453,86.66000366210938,87.19000244140625,86.2300033569336,86.81999969482422,1678700
2023-12-08,83.20799255371094,87.5,87.7699966430664,86.69999694824219,86.69999694824219,3062900
2023-12-11,84.16844940185547,88.51000213623047,88.5199966430664,87.5,87.6500015258789,1447900
2023-12-12,84.67245483398438,89.04000091552734,89.33000183105469,88.27999877929688,88.69000244140625,1616400
2023-12-13,85.02430725097656,89.41000366210938,89.8499984741211,88.47000122070312,89.05999755859375,3047400
2023-12-14,86.22247314453125,90.66999816894531,91.02999877929688,89.80000305175781,90.16000366210938,3603800
2023-12-15,85.76604461669922,90.19000244140625,90.52999877929688,89.7249984741211,90.2699966430664,5291100
2023-12-18,85.1003646850586,89.48999786376953,90.2300033569336,88.86000061035156,90.16000366210938,3078700
2023-12-19,85.41419219970703,89.81999969482422,90.4000015258789,89.47000122070312,89.88999938964844,2702800
2023-12-20,83.9402084350586,88.2699966430664,89.87999725341797,88.22000122070312,89.31999969482422,1995800
2023-12-21,84.06385040283203,88.4000015258789,89.20999908447266,88.08999633789062,88.94999694824219,2394000
2023-12-22,84.739013671875,89.11000061035156,89.47000122070312,88.30999755859375,88.66999816894531,1628300
2023-12-26,85.23350524902344,89.62999725341797,89.8550033569336,88.52999877929688,89.16999816894531,1788800
2023-12-27,85.21449279785156,89.61000061035156,90.19999694824219,89.43499755859375,89.63999938964844,1421600
2023-12-28,85.27154541015625,89.66999816894531,90.0,89.41999816894531,89.55000305175781,908900
2023-12-29,85.08134460449219,89.47000122070312,89.91999816894531,89.33999633789062,89.55999755859375,1091700
2024-01-02,84.09236907958984,88.43000030517578,89.1500015258789,88.05999755859375,88.37999725341797,1660600
2024-01-03,83.35062408447266,87.6500015258789,88.37000274658203,87.47000122070312,88.1500015258789,2146300
2024-01-04,83.37914276123047,87.68000030517578,88.41999816894531,87.58000183105469,87.9800033569336,2128300
2024-01-05,83.21749114990234,87.51000213623047,88.06999969482422,87.2699966430664,87.48999786376953,1930600
2024-01-08,83.26502227783203,87.55999755859375,87.94000244140625,87.22000122070312,87.52999877929688,3187600
2024-01-09,82.63742065429688,86.9000015258789,87.19999694824219,86.41999816894531,87.01000213623047,2953900
2024-01-10,82.73251342773438,87.0,87.24500274658203,86.4800033569336,86.66999816894531,5041500
2024-01-11,81.89568328857422,86.12000274658203,87.13500213623047,85.72000122070312,87.0,3190300
2024-01-12,81.98126983642578,86.20999908447266,86.6780014038086,85.72000122070312,86.5199966430664,2387800
2024-01-16,82.40918731689453,86.66000366210938,86.80999755859375,85.63999938964844,85.80999755859375,1929100
2024-01-17,81.25852966308594,85.44999694824219,86.31999969482422,85.41999816894531,85.87999725341797,1864200
2024-01-18,82.70399475097656,86.97000122070312,87.08000183105469,85.61000061035156,85.61000061035156,2168600
2024-01-19,83.47425079345703,87.77999877929688,88.01000213623047,86.4000015258789,87.13999938964844,2025200
2024-01-22,83.62640380859375,87.94000244140625,88.61000061035156,87.86000061035156,88.0199966430664,1599700
2024-01-23,84.00677490234375,88.33999633789062,88.70999908447266,87.66000366210938,88.37000274658203,1760900
2024-01-24,83.69297790527344,88.01000213623047,88.90499877929688,87.97000122070312,88.9000015258789,2174100
2024-01-25,84.61538696289062,88.9800033569336,89.31999969482422,88.37999725341797,88.80999755859375,1747300
2024-01-26,84.28255462646484,88.62999725341797,89.38999938964844,88.49500274658203,89.0999984741211,1640100
2024-01-29,84.9386978149414,89.31999969482422,89.41999816894531,88.2699966430664,88.31999969482422,1485400
2024-01-30,85.58536529541016,90.0,90.0,88.80000305175781,89.16000366210938,2581000
2024-01-31,84.10188293457031,88.44000244140625,92.125,87.87999725341797,91.15499877929688,4270400
2024-02-01,85.18595886230469,89.58000183105469,89.58000183105469,87.56999969482422,89.13999938964844,3526400
2024-02-02,86.50777435302734,90.97000122070312,91.25499725341797,89.29000091552734,89.80999755859375,2051500
2024-02-05,86.43170166015625,90.88999938964844,91.22000122070312,89.88999938964844,90.0,1580000
2024-02-06,87.43019104003906,91.94000244140625,91.9800033569336,90.86000061035156,91.2300033569336,1546500
2024-02-07,87.26853942871094,91.7699966430664,92.44999694824219,91.4800033569336,91.9000015258789,2226200
2024-02-08,86.41268157958984,90.87000274658203,91.80999755859375,90.47000122070312,91.6500015258789,1441200
2024-02-09,86.61238098144531,91.08000183105469,91.08999633789062,90.27999877929688,90.87000274658203,2087200
2024-02-12,86.859619140625,91.33999633789062,91.65499877929688,90.93000030517578,90.93000030517578,1942000
2024-02-13,85.67092895507812,90.08999633789062,90.94000244140625,89.37000274658203,90.80999755859375,1871800
2024-02-14,86.3746566772461,90.83000183105469,90.91999816894531,90.22000122070312,90.79000091552734,1668500
2024-02-15,88.02596282958984,92.22000122070312,92.26000213623047,90.94000244140625,91.37000274658203,2604600
2024-02-16,87.09053039550781,91.23999786376953,92.79000091552734,91.16000366210938,92.2699966430664,1967600
2024-02-20,86.88053131103516,91.0199966430664,91.36000061035156,90.5,90.80999755859375,2790000
2024-02-21,87.51051330566406,91.68000030517578,91.73999786376953,90.80999755859375,91.4000015258789,2771000
2024-02-22,88.20732879638672,92.41000366210938,92.93000030517578,91.65499877929688,92.75,1785100
2024-02-23,89.26683044433594,93.5199966430664,93.83499908447266,92.6500015258789,92.70999908447266,1671400
2024-02-26,89.5531997680664,93.81999969482422,93.91999816894531,92.9800033569336,93.0999984741211,1613400
2024-02-27,89.58183288574219,93.8499984741211,94.29000091552734,93.22000122070312,94.12999725341797,1356200
2024-02-28,90.60316467285156,94.91999816894531,95.08000183105469,93.73999786376953,93.8499984741211,1501700
2024-02-29,90.96588897705078,95.30000305175781,95.56999969482422,94.58000183105469,95.38999938964844,2401600
2024-03-01,91.32859802246094,95.68000030517578,95.83000183105469,94.6500015258789,95.19000244140625,1698900
2024-03-04,91.05180358886719,95.38999938964844,95.83999633789062,95.16999816894531,95.5999984741211,1292300
2024-03-05,90.24046325683594,94.54000091552734,95.48999786376953,93.98999786376953,95.22000122070312,1491400
2024-03-06,90.86090850830078,95.19000244140625,95.69000244140625,94.76000213623047,95.0,1086800
2024-03-07,92.53130340576172,96.94000244140625,97.11000061035156,95.41000366210938,95.62999725341797,1659500
2024-03-08,93.18991088867188,97.62999725341797,97.68000030517578,96.79000091552734,97.12999725341797,2389600
2024-03-11,91.9299545288086,96.30999755859375,97.87999725341797,95.8550033569336,97.41000366210938,1880400
2024-03-12,93.01810455322266,97.44999694824219,97.6449966430664,96.12999725341797,96.43000030517578,1450700
2024-03-13,93.8294448852539,98.30000305175781,98.37000274658203,96.80999755859375,97.47000122070312,2716500
2024-03-14,94.01081085205078,98.48999786376953,98.9800033569336,97.80000305175781,98.43000030517578,3307100
2024-03-15,94.02035522460938,98.5,98.81999969482422,97.66000366210938,97.66000366210938,4137700
2024-03-18,93.5812759399414,98.04000091552734,99.18499755859375,97.97000122070312,98.8499984741211,1438100
2024-03-19,94.34489440917969,98.83999633789062,98.83999633789062,98.13999938964844,98.30000305175781,1596300
2024-03-20,94.81260681152344,99.33000183105469,99.44000244140625,98.2750015258789,98.69000244140625,1709600
2024-03-21,95.66213989257812,100.22000122070312,100.32499694824219,98.95899963378906,99.4000015258789,1816400
2024-03-22,94.82215118408203,99.33999633789062,100.3499984741211,99.13999938964844,100.3499984741211,1231000
2024-03-25,94.53579711914062,99.04000091552734,99.8499984741211,98.86000061035156,99.45999908447266,1658000
2024-03-26,94.14443969726562,98.62999725341797,99.58000183105469,98.62999725341797,99.04000091552734,1808600
2024-03-27,95.3185043334961,99.86000061035156,99.87999725341797,98.9800033569336,99.1500015258789,1501600
2024-03-28,94.7553482055664,99.2699966430664,100.04499816894531,99.08999633789062,100.0,1587500
2024-04-01,94.08717346191406,98.56999969482422,99.56999969482422,98.55999755859375,99.0999984741211,1226800
2024-04-02,93.3044662475586,97.75,98.5250015258789,97.69999694824219,98.30999755859375,1411900
2024-04-03,93.78172302246094,98.25,98.55999755859375,97.52999877929688,97.75,1374000
2024-04-04,92.76038360595703,97.18000030517578,99.08999633789062,97.12000274658203,98.9000015258789,1879900
2024-04-05,93.32355499267578,97.7699966430664,97.88999938964844,96.95999908447266,97.51000213623047,1595500
2024-04-08,93.57171630859375,98.02999877929688,98.33999633789062,97.38999938964844,98.12000274658203,1449500
2024-04-09,94.61215209960938,99.12000274658203,99.16000366210938,97.2699966430664,98.27999877929688,1718800
2024-04-10,92.87494659423828,97.30000305175781,98.34500122070312,97.25,97.76000213623047,1238000
2024-04-11,93.51445770263672,97.97000122070312,98.05000305175781,96.93000030517578,97.38999938964844,1475000
2024-04-12,91.78678131103516,96.16000366210938,97.3219985961914,95.62999725341797,97.13999938964844,1537300
2024-04-15,91.68177795410156,96.05000305175781,97.81500244140625,95.5999984741211,97.6500015258789,1475800
2024-04-16,91.61495971679688,95.9800033569336,96.41000366210938,95.05500030517578,95.87000274658203,1192700
2024-04-17,90.64134979248047,94.95999908447266,96.62000274658203,94.45999908447266,96.62000274658203,2506100
2024-04-18,91.14724731445312,95.48999786376953,96.29000091552734,95.23999786376953,95.2699966430664,1967000
2024-04-19,90.7845230102539,95.11000061035156,96.29000091552734,94.94000244140625,95.91000366210938,2339700
2024-04-22,91.91088104248047,96.29000091552734,96.87000274658203,95.16000366210938,95.43000030517578,2007000
2024-04-23,93.03720092773438,97.47000122070312,97.72000122070312,96.4469985961914,96.62999725341797,2074800
2024-04-24,89.12366485595703,93.37000274658203,96.91000366210938,93.0199966430664,96.91000366210938,4222900
2024-04-25,88.7895736694336,93.0199966430664,93.94999694824219,92.55999755859375,93.63999938964844,2219300
2024-04-26,88.00685119628906,92.19999694824219,93.69000244140625,92.12000274658203,93.0,2314100
2024-04-29,89.12366485595703,93.37000274658203,93.81999969482422,92.16999816894531,92.45999908447266,1714800
2024-04-30,87.0523452758789,91.19999694824219,93.29000091552734,91.12999725341797,92.91999816894531,1997800
2024-05-01,87.27189636230469,91.43000030517578,92.83000183105469,90.56999969482422,91.29000091552734,1937400
2024-05-02,87.596435546875,91.7699966430664,92.08999633789062,91.04000091552734,91.86000061035156,1958100
2024-05-03,87.9305191040039,92.12000274658203,93.13999938964844,91.8499984741211,92.5,1788700
2024-05-06,88.85638427734375,93.08999633789062,93.12000274658203,92.25,92.66000366210938,1319600
2024-05-07,89.62001037597656,93.88999938964844,94.20999908447266,93.23999786376953,93.66000366210938,1705900
2024-05-08,90.22135925292969,94.5199966430664,94.66000366210938,93.63999938964844,93.66999816894531,1664900
2024-05-09,91.75814056396484,96.12999725341797,96.18000030517578,94.55000305175781,94.56999969482422,1800300
2024-05-10,92.68402862548828,97.0999984741211,97.18000030517578,96.2699966430664,96.5999984741211,2485500
2024-05-13,92.19721984863281,96.58999633789062,97.47000122070312,95.96499633789062,97.2699966430664,1746900
2024-05-14,92.65538787841797,97.06999969482422,97.80999755859375,96.66000366210938,97.19000244140625,1606900
2024-05-15,92.84629821777344,97.2699966430664,98.2300033569336,96.66999816894531,97.30000305175781,2144400
2024-05-16,92.53961944580078,96.55999755859375,97.19999694824219,96.16500091552734,96.79000091552734,2517300
2024-05-17,92.76004791259766,96.79000091552734,96.83000183105469,96.1500015258789,96.80000305175781,1627100
2024-05-20,93.03797149658203,97.08000183105469,97.19499969482422,96.4000015258789,96.9000015258789,1288500
2024-05-21,94.06343078613281,98.1500015258789,98.19999694824219,96.26000213623047,96.77999877929688,1869700
2024-05-22,94.59051513671875,98.69999694824219,98.70999908447266,97.30999755859375,97.79000091552734,2101100
2024-05-23,93.08589172363281,97.12999725341797,99.0,96.62999725341797,99.0,2439700
2024-05-24,93.50756072998047,97.56999969482422,97.66000366210938,96.88999938964844,97.47000122070312,1345700
2024-05-28,91.28414916992188,95.25,97.76000213623047,95.11000061035156,97.62000274658203,2176200
2024-05-29,90.84332275390625,94.79000091552734,95.31500244140625,94.19000244140625,94.38999938964844,1668900
2024-05-30,92.37669372558594,96.38999938964844,96.55000305175781,94.77999877929688,94.88999938964844,2657000
2024-05-31,95.06968688964844,99.19999694824219,99.45999908447266,96.62999725341797,96.91000366210938,7140200
2024-06-03,94.71510314941406,98.83000183105469,99.23999786376953,97.43000030517578,99.08000183105469,2469100
2024-06-04,95.07928466796875,99.20999908447266,99.48999786376953,98.3499984741211,98.48999786376953,2059600
2024-06-05,96.58390808105469,100.77999877929688,100.79000091552734,99.16000366210938,99.5199966430664,1740700
2024-06-06,95.27096557617188,99.41000366210938,100.83999633789062,99.08000183105469,100.83999633789062,1508200
2024-06-07,94.55218505859375,98.66000366210938,100.02999877929688,98.55000305175781,99.18000030517578,1916200
2024-06-10,93.6800765991211,97.75,98.8550033569336,97.55999755859375,98.56999969482422,2339900
2024-06-11,92.48211669921875,96.5,97.4749984741211,95.97000122070312,97.44000244140625,2041200
2024-06-12,93.39256286621094,97.44999694824219,97.98999786376953,96.68000030517578,97.55000305175781,1617000
2024-06-13,93.38298797607422,97.44000244140625,97.58999633789062,96.2249984741211,97.1500015258789,1307600
2024-06-14,93.08589172363281,97.12999725341797,97.22000122070312,95.77100372314453,96.38999938964844,1774300
2024-06-17,93.41173553466797,97.47000122070312,98.12000274658203,96.71199798583984,97.0999984741211,1590900
2024-06-18,92.48211669921875,96.5,97.48999786376953,94.62999725341797,96.83999633789062,2647300
2024-06-20,92.57796478271484,96.5999984741211,97.16999816894531,95.80999755859375,96.13999938964844,1557500
2024-06-21,91.92626953125,95.91999816894531,96.68000030517578,95.55999755859375,96.6500015258789,2522400
2024-06-24,92.83671569824219,96.87000274658203,97.30000305175781,95.8499984741211,96.25,1355200
2024-06-25,91.67710876464844,95.66000366210938,96.96499633789062,95.22000122070312,96.80000305175781,1750900
2024-06-26,91.76335144042969,95.75,96.05000305175781,94.6500015258789,95.01000213623047,2094500
2024-06-27,92.00293731689453,96.0,96.33000183105469,95.19999694824219,95.58999633789062,1391000
2024-06-28,92.25211334228516,96.26000213623047,97.13999938964844,95.37999725341797,96.55999755859375,4754300
2024-07-01,90.99665832519531,94.94999694824219,96.73500061035156,94.77999877929688,96.61000061035156,2967400
2024-07-02,91.95501708984375,95.94999694824219,96.2300033569336,94.73999786376953,94.80000305175781,1793100
2024-07-03,92.49170684814453,96.51000213623047,97.19000244140625,96.22000122070312,96.36000061035156,1317700
2024-07-05,92.84628295898438,96.87999725341797,96.87999725341797,95.62000274658203,96.30999755859375,1640000
2024-07-08,93.34464263916016,97.4000015258789,97.98999786376953,96.98999786376953,97.33999633789062,1822600
2024-07-09,92.30003356933594,96.30999755859375,97.45999908447266,96.2300033569336,97.11000061035156,2927000
2024-07-10,92.83671569824219,96.87000274658203,96.98899841308594,95.9000015258789,96.19999694824219,1860100
2024-07-11,95.10803985595703,99.23999786376953,99.77999877929688,96.97000122070312,97.31999969482422,2191600
2024-07-12,96.03765106201172,100.20999908447266,100.8290023803711,99.69000244140625,100.0,1393900
2024-07-15,95.29971313476562,99.44000244140625,100.51000213623047,99.27999877929688,100.25,2214300
2024-07-16,95.47222137451172,99.62000274658203,100.16000366210938,98.58000183105469,99.55999755859375,2564400
2024-07-17,94.81095123291016,98.93000030517578,100.48999786376953,98.80999755859375,99.36000061035156,1881100
2024-07-18,94.60009765625,98.70999908447266,100.27999877929688,98.19000244140625,98.19000244140625,2870900
2024-07-19,93.66091918945312,97.7300033569336,99.0999984741211,97.44999694824219,98.97000122070312,2410600
2024-07-22,95.32846069335938,99.47000122070312,99.51000213623047,97.31999969482422,98.7699966430664,1739600
2024-07-23,94.28384399414062,98.37999725341797,99.7249984741211,98.23999786376953,99.2699966430664,2340700
2024-07-24,87.62322235107422,91.43000030517578,93.5999984741211,90.20500183105469,90.20500183105469,5838200
2024-07-25,89.1565933227539,93.02999877929688,94.98999786376953,90.80999755859375,91.5,4281200
2024-07-26,89.58786010742188,93.4800033569336,94.01000213623047,91.79000091552734,93.9000015258789,2466100
2024-07-29,89.1565933227539,93.02999877929688,93.98999786376953,92.70999908447266,93.41000366210938,1466500
2024-07-30,89.91370391845703,93.81999969482422,94.38999938964844,92.95999908447266,93.48999786376953,2026300
2024-07-31,90.56539916992188,94.5,95.3949966430664,94.18499755859375,94.61000061035156,2060800
2024-08-01,90.37372589111328,94.30000305175781,94.93000030517578,93.34500122070312,94.5,2687900
2024-08-02,90.36414337158203,94.29000091552734,94.66999816894531,92.5999984741211,93.61000061035156,3107000
2024-08-05,89.53036499023438,93.41999816894531,95.04000091552734,92.54000091552734,92.83999633789062,3733300
2024-08-06,89.5016098022461,93.38999938964844,95.125,93.20999908447266,93.76000213623047,3123200
2024-08-07,88.61991882324219,92.47000122070312,95.19000244140625,92.33999633789062,94.20999908447266,2143600
2024-08-08,88.77324676513672,92.62999725341797,93.3499984741211,92.21499633789062,93.18000030517578,2477800
2024-08-09,89.5112075805664,93.4000015258789,93.5250015258789,91.91000366210938,92.52999877929688,1554300
2024-08-12,88.4474105834961,92.29000091552734,93.4749984741211,92.1500015258789,93.44000244140625,1499000
2024-08-13,88.57198333740234,92.41999816894531,93.37000274658203,91.55000305175781,92.6500015258789,1722600
2024-08-14,88.27490997314453,92.11000061035156,93.08999633789062,91.95999908447266,92.3499984741211,1830200
2024-08-15,89.32910919189453,93.20999908447266,93.5199966430664,92.13999938964844,93.01000213623047,2539600
2024-08-16,88.65542602539062,92.12000274658203,93.25,91.91999816894531,92.43000030517578,1675000
2024-08-19,89.17512512207031,92.66000366210938,92.66999816894531,91.88999938964844,92.19999694824219,2293900
2024-08-20,89.2617416381836,92.75,93.06999969482422,91.90499877929688,92.66000366210938,1521800
2024-08-21,90.42623138427734,93.95999908447266,93.98999786376953,92.88500213623047,93.13999938964844,1360900
2024-08-22,90.19525909423828,93.72000122070312,94.2699966430664,93.41400146484375,94.0999984741211,974700
2024-08-23,90.65721130371094,94.19999694824219,94.77999877929688,93.73999786376953,94.16999816894531,1063300
2024-08-26,90.12789916992188,93.6500015258789,94.72000122070312,93.30000305175781,94.52999877929688,1085700
2024-08-27,89.62745666503906,93.12999725341797,93.73999786376953,93.01000213623047,93.41999816894531,1301400
2024-08-28,89.89691925048828,93.41000366210938,93.86000061035156,92.91999816894531,93.22000122070312,978500
2024-08-29,90.3011245727539,93.83000183105469,94.77999877929688,93.25,94.0,1194900
2024-08-30,91.12877655029297,94.69000244140625,94.69499969482422,93.37000274658203,94.05000305175781,1765400
2024-09-03,91.45599365234375,95.02999877929688,95.2699966430664,93.30999755859375,93.9800033569336,2363200
2024-09-04,90.7149429321289,94.26000213623047,95.68000030517578,93.7300033569336,94.94999694824219,1443200
2024-09-05,88.95376586914062,92.43000030517578,94.36000061035156,91.87000274658203,94.16000366210938,1153000
2024-09-06,87.99137115478516,91.43000030517578,93.30500030517578,91.17500305175781,92.27999877929688,1861600
2024-09-09,88.23197174072266,91.68000030517578,92.54000091552734,91.36000061035156,92.11000061035156,2121000
2024-09-10,88.68429565429688,92.1500015258789,92.5,91.68499755859375,92.08000183105469,1326300
2024-09-11,89.01150512695312,92.48999786376953,92.80999755859375,90.33999633789062,92.11000061035156,1486900
2024-09-12,89.23286437988281,92.72000122070312,92.80000305175781,91.34500122070312,92.51000213623047,1763200
2024-09-13,90.6379623413086,94.18000030517578,94.44000244140625,92.7300033569336,93.06999969482422,1306700
2024-09-16,91.24427032470703,94.80999755859375,95.4800033569336,94.2699966430664,94.68000030517578,1829000
2024-09-17,92.47612762451172,96.08999633789062,96.30500030517578,94.8499984741211,94.8499984741211,1901200
2024-09-18,90.4551010131836,93.98999786376953,96.5,93.83999633789062,96.5,2484900
2024-09-19,92.75521087646484,96.37999725341797,96.45999908447266,94.375,95.18000030517578,2244800
2024-09-20,91.92755889892578,95.5199966430664,96.16999816894531,95.04499816894531,95.76000213623047,7946600
2024-09-23,92.6301040649414,96.25,96.9000015258789,95.27999877929688,95.56999969482422,2607700
2024-09-24,95.20931243896484,98.93000030517578,99.76000213623047,97.72000122070312,97.72000122070312,3969500
2024-09-25,95.79637145996094,99.54000091552734,99.92500305175781,98.56500244140625,99.0999984741211,1982600
2024-09-26,99.49195861816406,103.37999725341797,103.9749984741211,101.2699966430664,101.5,3515300
2024-09-27,100.5024642944336,104.43000030517578,105.23500061035156,103.63500213623047,104.0,3657100
2024-09-30,100.03089141845703,103.94000244140625,104.69000244140625,103.2300033569336,104.44000244140625,3276300
2024-10-01,99.86727905273438,103.7699966430664,104.08999633789062,102.00499725341797,104.08999633789062,2712100
2024-10-02,100.86817169189453,104.80999755859375,105.0999984741211,102.75499725341797,103.48999786376953,2778400
2024-10-03,100.37735748291016,104.30000305175781,105.38999938964844,103.91000366210938,104.62999725341797,2843600
2024-10-04,100.62755584716797,104.55999755859375,105.16000366210938,103.5199966430664,105.13999938964844,1506000
2024-10-07,100.1078872680664,104.0199966430664,104.97000122070312,103.51000213623047,104.08999633789062,1451800
2024-10-08,97.3458023071289,101.1500015258789,103.9000015258789,100.44000244140625,102.68000030517578,2269100
2024-10-09,99.0300064086914,102.9000015258789,103.04000091552734,100.875,101.12000274658203,1591800
2024-10-10,99.10699462890625,102.9800033569336,103.2300033569336,101.68299865722656,102.48999786376953,1817900
2024-10-11,100.11750793457031,104.02999877929688,105.36499786376953,103.26000213623047,103.26000213623047,2408400
2024-10-14,101.35897827148438,105.31999969482422,106.10299682617188,103.3499984741211,103.80000305175781,2794600
2024-10-15,100.55058288574219,104.4800033569336,106.0,104.43000030517578,105.79000091552734,2350400
2024-10-16,101.17613220214844,105.12999725341797,105.4800033569336,104.0,104.16000366210938,2132700
2024-10-17,101.25311279296875,105.20999908447266,106.33000183105469,104.94000244140625,105.56999969482422,1657100
2024-10-18,102.02303314208984,106.01000213623047,106.13999938964844,105.25,105.8499984741211,1135200
2024-10-21,101.55147552490234,105.5199966430664,106.25,104.9800033569336,105.55000305175781,1091000
2024-10-22,99.0877456665039,102.95999908447266,105.20999908447266,102.90499877929688,105.20999908447266,2339900
2024-10-23,98.99150848388672,102.86000061035156,103.3499984741211,102.25,102.77999877929688,1722000
2024-10-24,98.63541412353516,102.48999786376953,103.26499938964844,101.81999969482422,102.52999877929688,1430500
2024-10-25,97.45169067382812,101.26000213623047,103.01000213623047,101.125,102.98999786376953,1505400
2024-10-28,97.63452911376953,101.44999694824219,102.51000213623047,101.0999984741211,102.02999877929688,1492600
2024-10-29,97.55754089355469,101.37000274658203,101.99500274658203,100.62999725341797,100.86000061035156,2162900
2024-10-30,94.5837631225586,98.27999877929688,99.70999908447266,96.1500015258789,97.16000366210938,3765300
2024-10-31,94.50676727294922,98.19999694824219,99.69000244140625,97.27999877929688,97.30000305175781,2425500
2024-11-01,95.70013427734375,99.44000244140625,100.23999786376953,98.44000244140625,98.5,3060600
2024-11-04,95.70013427734375,99.44000244140625,100.31700134277344,99.13999938964844,99.75,1613600
2024-11-05,96.39305877685547,100.16000366210938,100.93000030517578,99.27999877929688,99.43000030517578,1622400
2024-11-06,96.77799987792969,100.55999755859375,102.62000274658203,98.70999908447266,102.62000274658203,2935000
2024-11-07,97.14372253417969,100.94000244140625,102.0199966430664,100.80000305175781,101.0999984741211,1662200
2024-11-08,96.2679443359375,100.02999877929688,101.71099853515625,99.93000030517578,100.4000015258789,2689000
2024-11-11,97.70189666748047,101.5199966430664,101.80999755859375,100.45999908447266,100.45999908447266,1612600
2024-11-12,95.97923278808594,99.7300033569336,101.72000122070312,99.5999984741211,101.5,2451400
2024-11-13,96.61441040039062,100.38999938964844,100.81999969482422,99.33999633789062,99.55000305175781,2324300
2024-11-14,95.9696044921875,99.72000122070312,100.79000091552734,99.69999694824219,100.25,1980700
2024-11-15,95.74738311767578,99.0999984741211,100.22000122070312,98.66999816894531,99.36000061035156,1855200
2024-11-18,97.36088562011719,100.7699966430664,101.0199966430664,98.69000244140625,98.69000244140625,1851400
2024-11-19,96.88745880126953,100.27999877929688,101.18000030517578,99.7699966430664,100.19999694824219,1755100
2024-11-20,96.31742095947266,99.69000244140625,100.7300033569336,98.7249984741211,100.47000122070312,1881900
2024-11-21,96.56861877441406,99.94999694824219,100.54000091552734,99.1500015258789,99.87999725341797,2564100
2024-11-22,97.7763442993164,101.19999694824219,101.80999755859375,99.91000366210938,99.94000244140625,1820000
2024-11-25,98.99370574951172,102.45999908447266,102.84500122070312,101.69499969482422,101.73999786376953,2311800
2024-11-26,98.5202865600586,101.97000122070312,102.43000030517578,101.44000244140625,102.19999694824219,1179800
2024-11-27,99.05166625976562,102.5199966430664,103.00499725341797,101.70999908447266,102.08000183105469,1373400
2024-11-29,99.4961166381836,102.9800033569336,103.20999908447266,101.97000122070312,102.29000091552734,1060600
2024-12-02,98.35604095458984,101.80000305175781,103.2300033569336,101.30999755859375,103.01000213623047,1444500
2024-12-03,97.64107513427734,101.05999755859375,102.12000274658203,100.57099914550781,101.97000122070312,1352200
2024-12-04,97.70870208740234,101.12999725341797,101.44999694824219,100.33000183105469,101.0199966430664,1210100
2024-12-05,95.7667007446289,99.12000274658203,100.58000183105469,99.0,99.75,1989300
2024-12-06,96.4237060546875,99.80000305175781,100.44000244140625,99.30999755859375,99.83000183105469,1475700
2024-12-09,97.4574966430664,100.87000274658203,101.62000274658203,100.27999877929688,100.51000213623047,1864500
2024-12-10,96.67489624023438,100.05999755859375,100.80000305175781,98.83999633789062,100.02999877929688,1915000
2024-12-11,95.64109802246094,98.98999786376953,100.83000183105469,98.80999755859375,100.16000366210938,1587200
2024-12-12,94.9454574584961,98.2699966430664,98.48999786376953,97.25,98.11000061035156,1780100
2024-12-13,94.48170471191406,97.79000091552734,98.52999877929688,97.33499908447266,98.08000183105469,1471400
2024-12-16,92.93582916259766,96.19000244140625,98.08999633789062,96.04499816894531,98.0199966430664,2225800
2024-12-17,93.08075714111328,96.33999633789062,97.18000030517578,95.50199890136719,95.94999694824219,1851200
2024-12-18,90.67499542236328,93.8499984741211,96.91999816894531,93.80999755859375,96.13999938964844,2215200
2024-12-19,89.7281494140625,92.87000274658203,95.02999877929688,92.76599884033203,93.88999938964844,2299500
2024-12-20,90.3947982788086,93.55999755859375,94.05999755859375,92.68000030517578,92.97000122070312,4294200
2024-12-23,90.34650421142578,93.51000213623047,93.61000061035156,92.84100341796875,93.16000366210938,1220100
2024-12-24,90.8199234008789,94.0,94.0999984741211,92.87999725341797,93.33999633789062,442900
2024-12-26,90.96483612060547,94.1500015258789,94.3499984741211,93.44000244140625,93.52999877929688,605100
2024-12-27,90.35614776611328,93.5199966430664,94.37000274658203,93.18000030517578,93.66000366210938,789700
2024-12-30,89.43830108642578,92.56999969482422,93.25,91.94999694824219,92.9000015258789,1957400
2024-12-31,89.47694396972656,92.61000061035156,93.16000366210938,92.12999725341797,92.80000305175781,865100
2025-01-02,89.11945343017578,92.23999786376953,93.66999816894531,92.08000183105469,93.38999938964844,1278400
2025-01-03,89.74746704101562,92.88999938964844,93.2699966430664,92.18000030517578,92.2699966430664,1284700
2025-01-06,89.16777038574219,92.29000091552734,93.41000366210938,92.1500015258789,92.87000274658203,2037700
2025-01-07,89.0035171508789,92.12000274658203,93.22000122070312,91.8499984741211,92.06999969482422,2160300
2025-01-08,88.68468475341797,91.79000091552734,91.91000366210938,90.37000274658203,91.5,2814100
2025-01-10,87.69918823242188,90.7699966430664,91.55500030517578,90.5199966430664,90.66000366210938,2227600
2025-01-13,88.07600402832031,91.16000366210938,91.19000244140625,90.12000274658203,90.4800033569336,2870700
2025-01-14,88.67501831054688,91.77999877929688,91.95500183105469,90.87000274658203,91.62000274658203,1856600
2025-01-15,89.12911987304688,92.25,93.40499877929688,92.06999969482422,92.69999694824219,1773000
2025-01-16,90.04698181152344,93.19999694824219,93.4000015258789,92.05999755859375,92.72000122070312,1425100
2025-01-17,91.5638656616211,94.7699966430664,94.98999786376953,93.66000366210938,93.98999786376953,1869800
2025-01-21,92.26917266845703,95.5,95.73999786376953,94.62000274658203,94.77999877929688,2041000
2025-01-22,92.16289520263672,95.38999938964844,96.0999984741211,94.26899719238281,95.19000244140625,1927900
2025-01-23,92.94550323486328,96.19999694824219,96.77999877929688,95.27999877929688,95.5,2471500
2025-01-24,93.39958953857422,96.66999816894531,96.94000244140625,96.05000305175781,96.19999694824219,1557500
2025-01-27,94.43338012695312,97.73999786376953,97.94999694824219,96.0,96.83000183105469,2136900
2025-01-28,92.62665557861328,95.87000274658203,97.61000061035156,95.45999908447266,97.20999908447266,3229300
2025-01-29,91.44793701171875,94.6500015258789,96.87999725341797,91.93000030517578,94.06999969482422,3861000
2025-01-30,92.13390350341797,95.36000061035156,97.0,94.63999938964844,96.93000030517578,2499600
2025-01-31,92.19187927246094,95.41999816894531,95.87999725341797,94.69000244140625,94.83999633789062,1789100
2025-02-03,91.35131072998047,94.55000305175781,95.06999969482422,92.875,93.98999786376953,2002100
2025-02-04,91.23536682128906,94.43000030517578,95.02999877929688,93.9000015258789,94.93000030517578,1575100
2025-02-05,91.35131072998047,94.55000305175781,94.875,93.47100067138672,94.08000183105469,1421000
2025-02-06,92.80056762695312,96.05000305175781,96.05999755859375,94.87999725341797,94.98999786376953,1756300
2025-02-07,91.62183380126953,94.83000183105469,96.38999938964844,94.52999877929688,96.37000274658203,2284300
2025-02-10,92.81021881103516,96.05999755859375,96.09500122070312,95.19999694824219,95.66999816894531,1870300
2025-02-11,93.40926361083984,96.68000030517578,96.97000122070312,95.62999725341797,95.83000183105469,1710400
2025-02-12,93.46721649169922,96.73999786376953,96.83000183105469,95.5,95.86000061035156,2178400
2025-02-13,94.70391082763672,98.0199966430664,98.2249984741211,96.76000213623047,97.26000213623047,2142500
2025-02-14,93.84059143066406,96.73999786376953,98.05000305175781,96.58000183105469,97.97000122070312,2267800
2025-02-18,94.68452453613281,97.61000061035156,97.66000366210938,96.68000030517578,96.93000030517578,1647000
2025-02-19,95.35384368896484,98.30000305175781,98.33999633789062,96.9800033569336,97.20999908447266,1767900
2025-02-20,96.06196594238281,99.02999877929688,99.18499755859375,97.8499984741211,98.19000244140625,1757200
2025-02-21,95.42174530029297,98.37000274658203,99.75,97.93499755859375,98.80000305175781,2744900
2025-02-24,95.72245788574219,98.68000030517578,99.69000244140625,98.16999816894531,98.37000274658203,2247400
2025-02-25,97.0513916015625,100.05000305175781,101.0999984741211,98.75,99.12000274658203,4859700
2025-02-26,95.77095031738281,98.7300033569336,100.25,97.66999816894531,100.25,2457300
2025-02-27,95.1501235961914,98.08999633789062,99.54000091552734,98.0,98.43000030517578,1920300
2025-02-28,96.78948974609375,99.77999877929688,100.08000183105469,98.44000244140625,98.58999633789062,3727300
2025-03-03,97.71100616455078,100.7300033569336,102.0,100.13999938964844,100.19999694824219,2919100
2025-03-04,96.62458038330078,99.61000061035156,101.94999694824219,99.45999908447266,100.01000213623047,3177100
2025-03-05,98.32212829589844,101.36000061035156,101.63999938964844,99.94999694824219,99.94999694824219,2748800
2025-03-06,99.49585723876953,102.56999969482422,102.67500305175781,100.0999984741211,101.0,2251400
2025-03-07,100.89270782470703,104.01000213623047,104.52999877929688,101.62999725341797,102.0199966430664,3914600
2025-03-10,100.80540466308594,103.91999816894531,106.8280029296875,103.72000122070312,104.2699966430664,2896300
2025-03-11,98.11841583251953,101.1500015258789,103.86000061035156,100.77999877929688,103.56999969482422,2491800
2025-03-12,96.91559600830078,99.91000366210938,101.47000122070312,99.45999908447266,100.88999938964844,2619700
2025-03-13,96.62458038330078,99.61000061035156,100.73999786376953,99.33999633789062,99.66000366210938,2075300
2025-03-14,97.60430908203125,100.62000274658203,100.93499755859375,99.66999816894531,100.41000366210938,1613000
2025-03-17,98.35122680664062,101.38999938964844,101.68000030517578,99.70999908447266,100.12999725341797,1757600
2025-03-18,98.62283325195312,101.66999816894531,101.9000015258789,100.50499725341797,101.26000213623047,2183400
2025-03-19,99.68987274169922,102.7699966430664,102.80999755859375,101.33000183105469,101.66999816894531,1833100
2025-03-20,98.84593200683594,101.9000015258789,102.53500366210938,101.08999633789062,101.86000061035156,1812300
2025-03-21,98.17662048339844,101.20999908447266,102.31999969482422,100.27999877929688,101.48999786376953,7259800
2025-03-24,98.3415298461914,101.37999725341797,102.17500305175781,101.08999633789062,101.56999969482422,2161400
2025-03-25,98.3609390258789,101.4000015258789,101.66999816894531,100.66000366210938,101.5999984741211,1392100
2025-03-26,99.61226654052734,102.69000244140625,102.91000366210938,101.19999694824219,101.36000061035156,1779000
2025-03-27,99.92267608642578,103.01000213623047,103.21700286865234,101.91000366210938,102.94000244140625,1543700
2025-03-28,99.04965209960938,102.11000061035156,103.33000183105469,101.9800033569336,103.29000091552734,1327600
2025-03-31,100.10697937011719,103.19999694824219,103.5199966430664,100.95999908447266,101.66000366210938,2477700
2025-04-01,100.94120025634766,104.05999755859375,104.08999633789062,102.51000213623047,103.3499984741211,1970500
2025-04-02,100.8248062133789,103.94000244140625,104.03500366210938,102.68000030517578,103.16000366210938,1922600
2025-04-03,101.17402648925781,104.30000305175781,105.94999694824219,103.22000122070312,103.63999938964844,4133800
2025-04-04,92.12364959716797,94.97000122070312,102.9000015258789,94.7699966430664,102.45999908447266,5319500
2025-04-07,89.203857421875,91.95999908447266,95.9800033569336,91.3499984741211,93.33999633789062,4484200
2025-04-08,88.1562271118164,90.87999725341797,94.2699966430664,89.69999694824219,93.29000091552734,3422700
2025-04-09,91.4543228149414,94.27999877929688,95.79000091552734,90.26499938964844,90.5,4818800
2025-04-10,91.49311828613281,94.31999969482422,95.20999908447266,91.3949966430664,93.80999755859375,3937600
2025-04-11,94.18009948730469,97.08999633789062,98.0,93.4229965209961,94.16999816894531,2941400
2025-04-14,95.56725311279297,98.5199966430664,99.18000030517578,97.0,97.44000244140625,1736900
2025-04-15,95.82914733886719,98.79000091552734,99.72000122070312,98.4749984741211,98.87000274658203,1566800
2025-04-16,93.87939453125,96.77999877929688,99.38999938964844,96.41000366210938,98.91999816894531,2005000
2025-04-17,95.56725311279297,98.5199966430664,99.23999786376953,97.05000305175781,97.26000213623047,1964400
2025-04-21,94.14131164550781,97.05000305175781,98.37000274658203,96.12000274658203,97.94999694824219,2114100
2025-04-22,95.98435974121094,98.94999694824219,99.30000305175781,97.41000366210938,97.9000015258789,2921600
2025-04-23,89.5336685180664,92.30000305175781,97.37999725341797,90.57499694824219,95.94000244140625,5327100
2025-04-24,89.96047973632812,92.73999786376953,93.47000122070312,92.11000061035156,92.62000274658203,5064300
2025-04-25,90.14478302001953,92.93000030517578,93.69999694824219,91.73500061035156,93.30999755859375,4901100
2025-04-28,90.84320831298828,93.6500015258789,93.91999816894531,92.5,92.93000030517578,4346200
2025-04-29,92.05574035644531,94.9000015258789,95.27999877929688,93.12999725341797,93.16000366210938,2802300
2025-04-30,93.38467407226562,96.2699966430664,96.56999969482422,94.24500274658203,95.3499984741211,3275600
2025-05-01,93.50108337402344,96.38999938964844,96.80999755859375,95.66999816894531,95.79000091552734,2219300
2025-05-02,94.40321350097656,97.31999969482422,97.62000274658203,96.68000030517578,97.12000274658203,2397400
2025-05-05,94.49052429199219,97.41000366210938,97.83999633789062,96.33000183105469,97.41000366210938,1411000
2025-05-06,93.30707550048828,96.19000244140625,97.12999725341797,96.0,96.86000061035156,4212700
2025-05-07,94.40321350097656,97.31999969482422,97.5999984741211,96.31500244140625,96.56999969482422,3436500
2025-05-08,94.40321350097656,97.31999969482422,98.23999786376953,96.88999938964844,98.05000305175781,5228900
2025-05-09,94.09280395507812,97.0,97.8499984741211,96.94000244140625,97.5199966430664,2082300
2025-05-12,95.06282806396484,98.0,98.58999633789062,97.42500305175781,98.58999633789062,3758900
2025-05-13,94.08309936523438,96.98999786376953,97.88999938964844,96.80999755859375,97.86000061035156,3216600
2025-05-14,93.16157531738281,96.04000091552734,97.33000183105469,95.83999633789062,96.87999725341797,4297700
2025-05-15,94.9270248413086,97.86000061035156,97.9800033569336,96.28500366210938,96.4800033569336,5922700
2025-05-16,96.33963012695312,98.88999938964844,98.91000366210938,97.42500305175781,97.8499984741211,3716200
2025-05-19,95.9986572265625,98.54000091552734,98.93000030517578,97.94000244140625,98.44999694824219,3165200
2025-05-20,95.67716217041016,98.20999908447266,98.95999908447266,98.01000213623047,98.58000183105469,2410300
2025-05-21,95.11212158203125,97.62999725341797,98.51000213623047,97.0,97.61000061035156,2165200
2025-05-22,94.67373657226562,97.18000030517578,97.94499969482422,96.73500061035156,97.22000122070312,2368400
2025-05-23,94.28404998779297,96.77999877929688,97.1500015258789,96.2699966430664,96.76000213623047,2286800
2025-05-27,94.58605194091797,97.08999633789062,97.1500015258789,96.31999969482422,97.13999938964844,2192500
2025-05-28,92.7058334350586,95.16000366210938,97.16999816894531,95.08999633789062,97.04000091552734,1988500
2025-05-29,92.7058334350586,95.16000366210938,95.69999694824219,94.46499633789062,95.69999694824219,2121600
2025-05-30,92.89092254638672,95.3499984741211,95.98999786376953,94.68000030517578,95.16000366210938,3846100
2025-06-02,91.78032684326172,94.20999908447266,95.4000015258789,93.29000091552734,94.76000213623047,2208300
2025-06-03,92.44278717041016,94.88999938964844,95.01000213623047,93.70999908447266,94.01000213623047,2359700
2025-06-04,92.81298828125,95.2699966430664,96.02999877929688,94.96499633789062,95.33000183105469,1496400
2025-06-05,92.8227310180664,95.27999877929688,95.76000213623047,94.66000366210938,95.56999969482422,1707400
2025-06-06,93.58261108398438,96.05999755859375,96.29000091552734,95.52999877929688,95.52999877929688,1669500
2025-06-09,92.86170959472656,95.31999969482422,96.44000244140625,94.75,96.25,1646700
2025-06-10,92.86170959472656,95.31999969482422,95.80999755859375,95.05000305175781,95.75,1852300
2025-06-11,92.93963623046875,95.4000015258789,95.83999633789062,94.77999877929688,95.83999633789062,1781200
2025-06-12,94.44966125488281,96.94999694824219,96.94999694824219,94.9000015258789,95.29000091552734,2406000
2025-06-13,93.34880828857422,95.81999969482422,96.98999786376953,95.58999633789062,96.22000122070312,1873600
2025-06-16,93.96255493164062,96.44999694824219,97.56999969482422,96.05000305175781,96.58000183105469,2252800
2025-06-17,92.89092254638672,95.3499984741211,96.22000122070312,95.23999786376953,95.73999786376953,1925500
2025-06-18,93.20267486572266,95.66999816894531,96.58999633789062,95.0009994506836,95.54000091552734,1918100
2025-06-20,91.66342163085938,94.08999633789062,96.58499908447266,93.94000244140625,96.02999877929688,4536400
2025-06-23,93.50468444824219,95.9800033569336,96.05999755859375,93.87000274658203,94.51000213623047,2378500
2025-06-24,94.8978042602539,97.41000366210938,97.51000213623047,95.625,96.16000366210938,2929900
2025-06-25,94.13790893554688,96.62999725341797,97.43000030517578,96.5,97.37000274658203,2146500
2025-06-26,95.00495147705078,97.5199966430664,98.05999755859375,96.79000091552734,97.0,2585300
2025-06-27,95.08290100097656,97.5999984741211,98.18000030517578,96.9000015258789,97.73999786376953,2998800
2025-06-30,96.46627044677734,99.0199966430664,99.27999877929688,96.92500305175781,97.18000030517578,2350400
2025-07-01,97.83991241455078,100.43000030517578,100.98999786376953,98.47000122070312,99.12999725341797,1853400
2025-07-02,97.22616577148438,99.80000305175781,100.48999786376953,99.19999694824219,100.2300033569336,1709200
2025-07-03,96.94363403320312,99.51000213623047,100.01000213623047,99.12000274658203,99.69999694824219,1052300
2025-07-07,97.20667266845703,99.77999877929688,99.9000015258789,98.67500305175781,99.83000183105469,1914900
2025-07-08,97.10926055908203,99.68000030517578,100.69499969482422,99.36000061035156,100.0,1809400
2025-07-09,96.77802276611328,99.33999633789062,100.16000366210938,98.44999694824219,100.16000366210938,1706800
2025-07-10,97.38202667236328,99.95999908447266,100.77999877929688,98.96499633789062,99.33999633789062,1590300
2025-07-11,96.92415618896484,99.48999786376953,99.6050033569336,98.97000122070312,99.20999908447266,1187200
2025-07-14,97.45997619628906,100.04000091552734,100.18000030517578,98.7699966430664,99.04000091552734,1897000
2025-07-15,96.81698608398438,99.37999725341797,101.41999816894531,99.3499984741211,101.23999786376953,2334000
2025-07-16,97.75222778320312,100.33999633789062,100.41000366210938,98.625,99.31999969482422,1899900
2025-07-17,98.46341705322266,101.06999969482422,101.36000061035156,100.08000183105469,100.41000366210938,1425500
2025-07-18,96.87545013427734,99.44000244140625,100.97000122070312,98.75,100.97000122070312,2211300
2025-07-21,95.95968627929688,98.5,99.7699966430664,98.3949966430664,99.61000061035156,2498600
2025-07-22,98.3854751586914,100.98999786376953,101.1449966430664,98.33999633789062,98.4000015258789,2773200
2025-07-23,86.20783996582031,88.48999786376953,91.87999725341797,86.0,89.0,12607900
2025-07-24,86.89952850341797,89.19999694824219,89.94000244140625,88.0,88.66999816894531,6741700
2025-07-25,87.47432708740234,89.79000091552734,90.43000030517578,89.12000274658203,90.19000244140625,4084500
2025-07-28,85.63306427001953,87.9000015258789,89.72000122070312,87.87999725341797,89.45999908447266,4694700
2025-07-29,85.04853820800781,87.30000305175781,88.23999786376953,87.05999755859375,88.13999938964844,3457000
2025-07-30,84.20097351074219,86.43000030517578,87.5199966430664,86.04499816894531,87.0,3237200
2025-07-31,83.48006439208984,85.69000244140625,86.59500122070312,85.44999694824219,85.94999694824219,4071500
2025-08-01,82.73966217041016,84.93000030517578,86.0,84.25,86.0,3897500
2025-08-04,83.20728302001953,85.41000366210938,85.41999816894531,84.58999633789062,85.0999984741211,3632600
2025-08-05,84.0548324584961,86.27999877929688,86.5,85.13999938964844,85.68000030517578,5447400
2025-08-06,84.72705078125,86.97000122070312,87.11000061035156,85.70999908447266,86.4800033569336,3897100
2025-08-07,85.07776641845703,87.33000183105469,88.33999633789062,86.93000030517578,87.44999694824219,5760200
2025-08-08,85.21415710449219,87.47000122070312,87.87999725341797,87.04000091552734,87.23999786376953,3025000
2025-08-11,83.81128692626953,86.02999877929688,87.72000122070312,85.87000274658203,87.47000122070312,4171300
2025-08-12,85.87661743164062,88.1500015258789,88.27999877929688,86.08999633789062,86.5,4200200
2025-08-13,86.92875671386719,89.2300033569336,89.25,87.83499908447266,88.0999984741211,2417800
2025-08-14,85.28235626220703,87.54000091552734,88.75,87.29000091552734,88.56999969482422,2524000
2025-08-15,85.58580780029297,87.43000030517578,87.86000061035156,87.04000091552734,87.41999816894531,3697300
2025-08-18,85.76200866699219,87.61000061035156,88.29000091552734,87.59500122070312,87.79000091552734,1749400
2025-08-19,86.7213363647461,88.58999633789062,88.9800033569336,87.7300033569336,88.0999984741211,5778400
2025-08-20,87.24017333984375,89.12000274658203,90.16999816894531,88.52999877929688,89.36000061035156,6282400
2025-08-21,85.72286224365234,87.56999969482422,89.19000244140625,87.5199966430664,89.11000061035156,4050900
2025-08-22,86.7115478515625,88.58000183105469,89.12000274658203,88.0,88.0,5451400
2025-08-25,85.02782440185547,86.86000061035156,88.69000244140625,86.58000183105469,88.58000183105469,3300200
2025-08-26,85.78158569335938,87.62999725341797,87.72000122070312,86.69000244140625,87.06999969482422,4398100
2025-08-27,85.86968994140625,87.72000122070312,87.8479995727539,87.26499938964844,87.3499984741211,3144900
2025-08-28,84.43070220947266,86.25,88.02999877929688,86.18000030517578,87.91999816894531,3786500
2025-08-29,84.55795288085938,86.37999725341797,86.94000244140625,86.20500183105469,86.3499984741211,2154700
2025-09-02,83.96082305908203,85.7699966430664,86.20999908447266,85.17500305175781,86.0,2126100
2025-09-03,83.86293029785156,85.66999816894531,85.97000122070312,85.24500274658203,85.47000122070312,2058300
2025-09-04,84.67542266845703,86.5,86.51000213623047,85.16999816894531,85.5,1740000
2025-09-05,85.16487884521484,87.0,87.74800109863281,86.55999755859375,87.19000244140625,3034900
2025-09-08,85.5270767211914,87.37000274658203,87.38500213623047,86.33999633789062,86.91000366210938,2529300
2025-09-09,86.15357208251953,88.01000213623047,88.13999938964844,86.8949966430664,87.08000183105469,3176600
2025-09-10,85.78158569335938,87.62999725341797,88.28500366210938,87.36000061035156,87.66000366210938,2483900
2025-09-11,87.49466705322266,89.37999725341797,89.37999725341797,87.79499816894531,87.94999694824219,3628100
2025-09-12,87.18142700195312,89.05999755859375,89.73999786376953,88.4000015258789,89.0999984741211,3610800
2025-09-15,87.7394027709961,89.62999725341797,89.87999725341797,88.94000244140625,89.41999816894531,3109900
2025-09-16,87.32826232910156,89.20999908447266,90.08999633789062,89.04000091552734,89.55000305175781,2736400
2025-09-17,87.74919128417969,89.63999938964844,91.36000061035156,89.0,89.68000030517578,3800500
2025-09-18,88.4442138671875,90.3499984741211,91.83000183105469,89.7249984741211,89.91000366210938,3248700
2025-09-19,87.2793197631836,89.16000366210938,90.77999877929688,89.16000366210938,90.5,6994400
2025-09-22,87.44572448730469,89.33000183105469,89.8499984741211,88.62000274658203,89.41000366210938,2169000
2025-09-23,87.24017333984375,89.12000274658203,90.02999877929688,88.79000091552734,89.47000122070312,2640400
2025-09-24,86.85839080810547,88.7300033569336,89.25,88.47000122070312,88.83999633789062,2156400
2025-09-25,87.55341339111328,89.44000244140625,89.66999816894531,88.5999984741211,88.80000305175781,2089000
2025-09-26,88.47357940673828,90.37999725341797,90.38999938964844,89.5250015258789,89.8499984741211,1947500
2025-09-29,89.36439514160156,91.29000091552734,91.61000061035156,90.73999786376953,90.83000183105469,3035300
2025-09-30,89.5014419555664,91.43000030517578,91.62999725341797,90.98400115966797,91.62999725341797,2291000
2025-10-01,90.41182708740234,92.36000061035156,92.47000122070312,90.7699966430664,91.1500015258789,2540100
2025-10-02,90.29434967041016,92.23999786376953,93.12999725341797,92.0250015258789,92.62000274658203,2561500
2025-10-03,89.60911560058594,91.54000091552734,92.33999633789062,91.44999694824219,92.12000274658203,1892600
2025-10-06,88.9140853881836,90.83000183105469,91.76499938964844,90.48999786376953,91.51000213623047,2121200
2025-10-07,88.49315643310547,90.4000015258789,91.36499786376953,90.08000183105469,91.0199966430664,1789000
2025-10-08,89.32523345947266,91.25,92.41000366210938,91.16999816894531,92.3499984741211,1808900
2025-10-09,87.82750701904297,89.72000122070312,91.4800033569336,89.08000183105469,91.30000305175781,1940900
2025-10-10,87.57298278808594,89.45999908447266,90.41999816894531,89.08499908447266,90.1500015258789,1723400
2025-10-13,87.29889678955078,89.18000030517578,90.06999969482422,88.87000274658203,89.23999786376953,1746900
2025-10-14,88.904296875,90.81999969482422,90.91000366210938,88.69999694824219,89.08000183105469,2210900
2025-10-15,89.54059600830078,91.47000122070312,92.19999694824219,90.54000091552734,90.9800033569336,2397600
2025-10-16,88.7574691772461,90.66999816894531,91.63999938964844,90.38500213623047,91.63999938964844,1564100
2025-10-17,89.36439514160156,91.29000091552734,91.5,90.70999908447266,90.8499984741211,1435900
2025-10-20,89.57975769042969,91.51000213623047,91.95999908447266,91.05000305175781,91.4000015258789,1615100
2025-10-21,90.74463653564453,92.69999694824219,92.76000213623047,90.83999633789062,90.95999908447266,1714400
2025-10-22,89.49165344238281,91.41999816894531,92.80999755859375,91.33999633789062,92.33999633789062,2009100
2025-10-23,91.00895690917969,92.97000122070312,93.29000091552734,91.54000091552734,91.66000366210938,2550100
2025-10-24,90.01045989990234,91.94999694824219,93.16999816894531,91.8499984741211,93.16999816894531,1721600
2025-10-27,90.10836029052734,92.05000305175781,92.48999786376953,91.55999755859375,91.81999969482422,2821800
2025-10-28,89.37418365478516,91.30000305175781,92.46499633789062,91.16500091552734,91.61000061035156,3218000
2025-10-29,91.4103012084961,93.37999725341797,94.05799865722656,90.88500213623047,94.04000091552734,3921200
2025-10-30,90.53907012939453,92.48999786376953,93.83000183105469,92.19000244140625,92.55000305175781,2422000
2025-10-31,90.80338287353516,92.76000213623047,92.9800033569336,91.41000366210938,91.79000091552734,2303200
2025-11-03,88.26800537109375,90.16999816894531,92.41000366210938,90.06999969482422,92.3499984741211,2934300
2025-11-04,88.78683471679688,90.69999694824219,90.72000122070312,89.9000015258789,90.33999633789062,2318900
2025-11-05,89.31543731689453,91.23999786376953,91.92500305175781,90.55500030517578,90.77999877929688,1740500
2025-11-06,89.22734069824219,91.1500015258789,91.73999786376953,90.80000305175781,91.13999938964844,2445000
2025-11-07,89.1000747680664,91.0199966430664,91.27999877929688,90.41999816894531,90.9800033569336,1882700
2025-11-10,88.35610961914062,90.26000213623047,90.7300033569336,90.01000213623047,90.69999694824219,2021900
2025-11-11,88.41484832763672,90.31999969482422,90.98999786376953,89.91000366210938,90.7300033569336,1845300
2025-11-12,89.06092834472656,90.9800033569336,92.0,90.63999938964844,90.86000061035156,2429300
2025-11-13,88.67915344238281,90.58999633789062,91.4000015258789,90.48999786376953,91.0,1985000
2025-11-14,87.30229949951172,88.7699966430664,90.88999938964844,88.73999786376953,90.61000061035156,1901600
2025-11-17,86.61387634277344,88.06999969482422,88.91000366210938,87.69499969482422,88.4800033569336,2556600
2025-11-18,86.24999237060547,87.69999694824219,88.44999694824219,87.37999725341797,88.08499908447266,3360900
2025-11-19,85.14851379394531,86.58000183105469,87.75,86.16500091552734,87.75,2424500
2025-11-20,85.42388153076172,86.86000061035156,87.51000213623047,86.4000015258789,87.03500366210938,2159900
2025-11-21,86.60404205322266,88.05999755859375,88.43000030517578,86.5780029296875,87.12000274658203,2722900
2025-11-24,85.52222442626953,86.95999908447266,88.12999725341797,86.62999725341797,88.05000305175781,5058300
2025-11-25,86.9777603149414,88.44000244140625,88.6500015258789,87.19999694824219,87.47000122070312,2263600
2025-11-26,87.10560607910156,88.56999969482422,89.05999755859375,88.2699966430664,88.54000091552734,1682800
2025-11-28,87.3809814453125,88.8499984741211,89.16000366210938,88.33999633789062,88.52999877929688,940800
2025-12-01,86.69255065917969,88.1500015258789,89.1050033569336,88.11000061035156,88.16000366210938,2071100
2025-12-02,85.79759216308594,87.23999786376953,88.48999786376953,86.93499755859375,88.37000274658203,2185800
2025-12-03,85.50255584716797,86.94000244140625,88.02999877929688,86.69999694824219,87.51000213623047,2189600
2025-12-04,85.47306060791016,86.91000366210938,87.12000274658203,86.55000305175781,86.76000213623047,2294300
2025-12-05,85.0206527709961,86.44999694824219,87.20999908447266,86.02999877929688,86.76000213623047,2662400
2025-12-08,84.69612121582031,86.12000274658203,86.55999755859375,85.81999969482422,86.55999755859375,2297800
2025-12-09,85.65007019042969,87.08999633789062,87.62000274658203,86.5,86.5,2508200
2025-12-10,86.39751434326172,87.8499984741211,88.5,87.04000091552734,87.08999633789062,2888100
2025-12-11,86.27949523925781,87.7300033569336,88.55000305175781,87.38999938964844,87.8499984741211,2774200
2025-12-12,86.6827163696289,88.13999938964844,89.01499938964844,87.90499877929688,88.0,2061500
2025-12-15,87.10560607910156,88.56999969482422,88.9000015258789,87.95999908447266,88.4000015258789,2805200
2025-12-16,86.50569152832031,87.95999908447266,89.01000213623047,87.4800033569336,88.9800033569336,3681600
2025-12-17,87.52850341796875,89.0,89.45999908447266,87.91000366210938,87.95999908447266,4374400
2025-12-18,85.90577697753906,87.3499984741211,89.39700317382812,87.05000305175781,88.31999969482422,3430000
2025-12-19,85.62057495117188,87.05999755859375,87.37999725341797,86.73999786376953,87.08000183105469,6964300
2025-12-22,85.79759216308594,87.23999786376953,87.43000030517578,86.63999938964844,86.94000244140625,2496400
2025-12-23,86.37784576416016,87.83000183105469,87.94000244140625,87.12000274658203,87.54000091552734,1926800
2025-12-24,86.44669342041016,87.9000015258789,88.15499877929688,86.22000122070312,87.69999694824219,687600
2025-12-26,86.17131805419922,87.62000274658203,88.11000061035156,87.41999816894531,87.91999816894531,987100
2025-12-29,86.49585723876953,87.94999694824219,88.0,87.26000213623047,87.69000244140625,1717600
2025-12-30,86.55487060546875,88.01000213623047,88.38999938964844,87.66000366210938,87.9000015258789,1795500
2025-12-31,85.90577697753906,87.3499984741211,88.01000213623047,87.33000183105469,87.98999786376953,1697400
2026-01-02,86.87940979003906,88.33999633789062,88.51000213623047,86.81999969482422,87.22000122070312,2001800
2026-01-05,87.70552062988281,89.18000030517578,89.30999755859375,87.58999633789062,87.72000122070312,3263800
2026-01-06,88.40377807617188,89.88999938964844,90.29499816894531,88.7300033569336,88.93000030517578,2106700
2026-01-07,86.95809173583984,88.41999816894531,90.75499725341797,88.30000305175781,90.33999633789062,2307500
2026-01-08,88.89551544189453,90.38999938964844,90.62999725341797,88.44999694824219,88.52999877929688,2437000
2026-01-09,88.77750396728516,90.2699966430664,90.94499969482422,90.01000213623047,90.4000015258789,2021400
2026-01-12,88.0103988647461,89.48999786376953,90.16500091552734,89.19000244140625,89.6500015258789,2461500
2026-01-13,88.29560089111328,89.77999877929688,90.1050033569336,88.87000274658203,89.83000183105469,2701700
2026-01-14,88.4627914428711,89.94999694824219,90.49500274658203,89.22000122070312,89.62999725341797,2710900
2026-01-15,88.8561782836914,90.3499984741211,90.5,89.69000244140625,90.23999786376953,2081800
2026-01-16,88.66932678222656,90.16000366210938,91.37999725341797,89.76000213623047,90.0199966430664,3446800
2026-01-20,86.6827163696289,88.13999938964844,90.3499984741211,87.56999969482422,90.0,5012900
2026-01-21,88.00057220458984,89.4800033569336,89.9000015258789,88.33999633789062,88.79000091552734,2851100
2026-01-22,88.77750396728516,90.2699966430664,90.38999938964844,89.16000366210938,89.8499984741211,3356800
2026-01-23,89.47576141357422,90.9800033569336,91.0199966430664,89.19999694824219,90.1500015258789,2868400
2026-01-26,89.08238220214844,90.58000183105469,91.6500015258789,89.91500091552734,91.19999694824219,4473600
2026-01-27,89.05287170410156,90.55000305175781,91.37999725341797,90.48500061035156,90.75,4065500
2026-01-28,87.1351089477539,88.5999984741211,88.87000274658203,84.00299835205078,84.83999633789062,6820700
2026-01-29,85.71892547607422,87.16000366210938,88.94000244140625,86.0999984741211,88.13999938964844,5707400
2026-01-30,84.0076904296875,85.41999816894531,87.5,84.12000274658203,86.45999908447266,5825400
2026-02-02,84.72561645507812,86.1500015258789,86.86000061035156,85.30999755859375,85.41999816894531,4072200
2026-02-03,85.71892547607422,87.16000366210938,87.5,85.27999877929688,85.70999908447266,4252700
2026-02-04,88.8758544921875,90.37000274658203,90.44999694824219,87.49500274658203,87.7300033569336,5507600
2026-02-05,89.73146057128906,91.23999786376953,91.68000030517578,89.70999908447266,90.36000061035156,4821700
2026-02-06,88.36444854736328,89.8499984741211,92.05000305175781,89.54000091552734,91.73999786376953,4723900
2026-02-09,87.82353973388672,89.30000305175781,90.69000244140625,89.23899841308594,89.76000213623047,2915700
2026-02-10,88.57097625732422,90.05999755859375,90.86000061035156,89.36000061035156,89.37999725341797,3124000
2026-02-11,87.94155883789062,89.41999816894531,90.56999969482422,89.29499816894531,89.80000305175781,3204300
2026-02-12,90.2330322265625,91.75,93.58000183105469,89.83999633789062,89.9800033569336,6567600
2026-02-13,88.75105285644531,89.83000183105469,92.7699966430664,89.47000122070312,91.16000366210938,6472100
2026-02-17,91.32970428466797,92.44000244140625,92.91000366210938,91.22000122070312,91.22000122070312,4416000
2026-02-18,91.65573120117188,92.7699966430664,92.79000091552734,90.55000305175781,91.9800033569336,3270900
2026-02-19,91.92249298095703,93.04000091552734,93.41999816894531,92.12000274658203,92.3499984741211,3834100
2026-02-20,91.55693054199219,92.66999816894531,94.56500244140625,92.25,93.30000305175781,4292400
2026-02-23,89.46240234375,90.55000305175781,93.45999908447266,90.4000015258789,93.18000030517578,5303500
2026-02-24,88.83008575439453,89.91000366210938,90.87999725341797,89.72000122070312,90.68000030517578,3256000
2026-02-25,88.3558578491211,89.43000030517578,90.19000244140625,88.57499694824219,89.95999908447266,3021900
2026-02-26,90.36146545410156,91.45999908447266,91.94999694824219,89.58799743652344,90.01000213623047,4191100
2026-02-27,91.44825744628906,92.55999755859375,92.55999755859375,90.56999969482422,91.04000091552734,3967100
2026-03-02,92.49552917480469,93.62000274658203,94.19999694824219,91.19000244140625,91.36000061035156,5000800
2026-03-03,91.2802963256836,92.38999938964844,93.61000061035156,91.47000122070312,93.5,3768900
2026-03-04,90.05519104003906,91.1500015258789,92.25,91.1050033569336,92.22000122070312,2197400
2026-03-05,89.55131530761719,90.63999938964844,91.05000305175781,90.09500122070312,90.44999694824219,3010100
2026-03-06,88.14836883544922,89.22000122070312,90.47000122070312,88.47000122070312,90.05999755859375,2719800
2026-03-09,86.5181884765625,87.56999969482422,88.69499969482422,86.45999908447266,88.06999969482422,3964500
2026-03-10,85.05596160888672,86.08999633789062,87.56999969482422,86.05999755859375,87.23999786376953,2731400
2026-03-11,83.5838623046875,84.5999984741211,86.37999725341797,83.41999816894531,85.91999816894531,3704300
2026-03-12,81.63751983642578,82.62999725341797,84.30000305175781,82.47000122070312,84.22000122070312,4350000
2026-03-13,82.19080352783203,83.19000244140625,83.91999816894531,82.83000183105469,83.22000122070312,3078300
2026-03-16,82.60575866699219,83.61000061035156,84.2699966430664,82.93000030517578,83.48999786376953,2866200
2026-03-17,83.12938690185547,84.13999938964844,84.54499816894531,83.01000213623047,84.05999755859375,3371900
2026-03-18,77.5867691040039,78.52999877929688,83.63999938964844,78.24500274658203,83.48999786376953,5905900
2026-03-19,79.266357421875,80.2300033569336,81.11000061035156,78.52999877929688,78.52999877929688,8608700
2026-03-20,78.58464050292969,79.54000091552734,81.125,78.80999755859375,80.2300033569336,8394000
2026-03-23,78.09064483642578,79.04000091552734,81.33000183105469,79.0199966430664,80.9800033569336,3366600
2026-03-24,77.05326080322266,77.98999786376953,79.04000091552734,77.80000305175781,78.2300033569336,4089800
2026-03-25,77.75472259521484,78.69999694824219,79.37999725341797,77.73999786376953,79.16000366210938,3707500
2026-03-26,76.5098648071289,77.44000244140625,79.45999908447266,77.29000091552734,78.44000244140625,3231000
2026-03-27,75.03775787353516,75.94999694824219,77.55000305175781,75.9000015258789,77.41000366210938,4073500
2026-03-30,75.41320037841797,76.33000183105469,76.99500274658203,75.2699966430664,76.05999755859375,3029700
2026-03-31,76.15419006347656,77.08000183105469,77.49500274658203,75.66500091552734,76.95999908447266,4487600
2026-04-01,76.51973724365234,77.44999694824219,77.75,76.19000244140625,76.43000030517578,2431600
2026-04-02,76.92481994628906,77.86000061035156,78.3550033569336,76.58000183105469,76.97000122070312,2240300
2026-04-06,77.17181396484375,78.11000061035156,78.26000213623047,77.25,77.25,1676100
2026-04-07,76.89517974853516,77.83000183105469,78.44499969482422,77.41000366210938,77.97000122070312,1851500
2026-04-08,78.59452819824219,79.55000305175781,79.96499633789062,78.19000244140625,78.19000244140625,3256200
2026-04-09,80.27410125732422,81.25,81.33000183105469,79.19000244140625,79.27999877929688,2851300
2026-04-10,78.98971557617188,79.94999694824219,81.58999633789062,79.29000091552734,81.43000030517578,2511500
2026-04-13,80.78785705566406,81.7699966430664,81.7699966430664,79.8550033569336,80.1500015258789,2360000
2026-04-14,80.91629791259766,81.9000015258789,82.1500015258789,81.23999786376953,81.58000183105469,2598600
2026-04-15,80.02710723876953,81.0,81.75,80.45999908447266,81.30999755859375,3720000
2026-04-16,79.7208251953125,80.69000244140625,81.73999786376953,80.46700286865234,80.93000030517578,2178300
2026-04-17,80.45193481445312,81.43000030517578,82.63999938964844,80.55999755859375,80.72000122070312,3520000
2026-04-20,79.7603530883789,80.7300033569336,81.62999725341797,80.52999877929688,81.06999969482422,3035200
2026-04-21,77.92269134521484,78.87000274658203,80.94999694824219,78.75499725341797,80.61000061035156,3990800
2026-04-22,76.944580078125,77.87999725341797,79.48999786376953,76.25,79.33999633789062,7187400
2026-04-23,78.53524017333984,79.48999786376953,81.06500244140625,77.90499877929688,78.05000305175781,5220800
2026-04-24,77.01373291015625,77.94999694824219,79.7699966430664,77.63999938964844,79.0199966430664,3506800
2026-04-27,76.54938507080078,77.4800033569336,79.19999694824219,77.30000305175781,78.01000213623047,4866300
2026-04-28,76.43082427978516,77.36000061035156,78.68299865722656,77.30000305175781,78.1500015258789,3930700
2026-04-29,75.67994689941406,76.5999984741211,77.37000274658203,75.61000061035156,77.04000091552734,3505300
2026-04-30,76.944580078125,77.87999725341797,77.99500274658203,75.9000015258789,76.41999816894531,3721400
2026-05-01,76.15419006347656,77.08000183105469,78.7229995727539,76.98999786376953,78.0999984741211,2168800
2026-05-04,74.96859741210938,75.87999725341797,77.22000122070312,75.43000030517578,76.41999816894531,2819100
2026-05-05,74.71172332763672,75.62000274658203,76.68000030517578,75.37999725341797,76.08999633789062,4641300
2026-05-06,75.78862762451172,76.70999908447266,77.69000244140625,76.05000305175781,76.80999755859375,3869300
2026-05-07,76.53950500488281,77.47000122070312,78.70500183105469,76.75,76.83000183105469,5518600
2026-05-08,73.92133331298828,74.81999969482422,77.83499908447266,74.62000274658203,77.55000305175781,8748400
2026-05-11,73.1111831665039,74.0,74.94999694824219,73.72000122070312,74.68000030517578,4052800
2026-05-12,73.2099838256836,74.0999984741211,74.96499633789062,73.11000061035156,74.73999786376953,4774000
2026-05-13,72.36030578613281,73.23999786376953,74.0999984741211,72.51000213623047,73.5,3208900
2026-05-14,72.1824722290039,73.05999755859375,73.91999816894531,72.83999633789062,73.55999755859375,2385200
2026-05-15,70.5821762084961,71.01000213623047,72.9000015258789,70.6500015258789,72.4800033569336,3767600
2026-05-18,70.70144653320312,71.12999725341797,71.7760009765625,70.76000213623047,71.1500015258789,4180200
2026-05-19,70.5125961303711,70.94000244140625,71.69999694824219,69.7249984741211,70.91000366210938,4122800
2026-05-20,70.8405990600586,71.2699966430664,71.33000183105469,69.94999694824219,70.72000122070312,4031500
2026-05-21,71.19843292236328,71.62999725341797,71.94000244140625,70.3499984741211,70.75,5184000
2026-05-22,72.3315658569336,72.7699966430664,73.4000015258789,71.63999938964844,71.83000183105469,3585600
2026-05-26,72.29180908203125,72.7300033569336,73.4000015258789,72.20999908447266,73.0999984741211,2087700
2026-05-27,71.35747528076172,71.79000091552734,72.88999938964844,71.5199966430664,72.51000213623047,3447700
2026-05-28,70.78096771240234,71.20999908447266,71.7699966430664,70.66000366210938,71.76000213623047,2391700
2026-05-29,70.41319274902344,70.83999633789062,71.4000015258789,70.70999908447266,70.93000030517578,3872600
2026-06-01,68.92223358154297,69.33999633789062,70.83999633789062,69.16000366210938,70.26000213623047,4171700
2026-06-02,69.9062728881836,70.33000183105469,70.48999786376953,69.41999816894531,69.44000244140625,2957000
2026-06-03,69.49874114990234,69.91999816894531,70.88999938964844,69.91999816894531,70.19999694824219,2945700
2026-06-04,69.42916107177734,69.8499984741211,70.94000244140625,69.80999755859375,70.94000244140625,2956500
2026-06-05,69.91620635986328,70.33999633789062,70.72000122070312,69.94999694824219,70.1500015258789,2820800
2026-06-08,69.21048736572266,69.62999725341797,70.69999694824219,69.44499969482422,69.83999633789062,3204600
2026-06-09,70.8405990600586,71.2699966430664,71.50499725341797,69.94499969482422,70.1500015258789,2939800
2026-06-10,69.24031066894531,69.66000366210938,71.08000183105469,69.47000122070312,71.08000183105469,4352000
2026-06-11,69.70747375488281,70.12999725341797,70.65499877929688,69.2699966430664,70.16000366210938,3138800
2026-06-12,70.32373809814453,70.75,71.5,70.11000061035156,71.0,2924200
2026-06-15,71.37734985351562,71.80999755859375,72.58999633789062,71.55000305175781,71.76000213623047,4272700
2026-06-16,73.06710815429688,73.51000213623047,73.66000366210938,72.19000244140625,72.44000244140625,3433200
2026-06-17,72.28186798095703,72.72000122070312,74.19000244140625,72.4800033569336,73.02999877929688,6620000
2026-06-18,72.82855224609375,73.2699966430664,74.4000015258789,72.79000091552734,73.48999786376953,8450500
2026-06-22,72.04331970214844,72.4800033569336,73.19000244140625,71.86499786376953,72.37999725341797,5098200
2026-06-23,71.31771087646484,71.75,72.7750015258789,71.75,72.48999786376953,3356700
2026-06-24,72.1924057006836,72.62999725341797,73.30000305175781,71.89399719238281,71.9000015258789,3088500
2026-06-25,73.18638610839844,73.62999725341797,75.29000091552734,72.62999725341797,73.37000274658203,3369000
2026-06-26,72.74903869628906,73.19000244140625,73.6449966430664,72.5999984741211,73.41000366210938,3904000
2026-06-29,72.48065948486328,72.91999816894531,73.56999969482422,72.41000366210938,73.05000305175781,2838300
2026-06-30,71.16861724853516,71.5999984741211,72.22000122070312,70.81999969482422,71.88999938964844,3974500
2026-07-01,70.21440124511719,70.63999938964844,72.45999908447266,70.61000061035156,71.77999877929688,2876100
2026-07-02,72.6993408203125,73.13999938964844,73.2300033569336,71.05999755859375,71.47000122070312,3254100
2026-07-06,73.04722595214844,73.48999786376953,73.5,71.5250015258789,73.30000305175781,3368200
2026-07-07,72.98759460449219,73.43000030517578,74.43000030517578,72.6500015258789,73.9800033569336,2585700
2026-07-08,71.63578796386719,72.06999969482422,72.8499984741211,71.7750015258789,72.51000213623047,3692200
2026-07-09,71.56620788574219,72.0,72.43000030517578,71.20999908447266,72.19000244140625,2539900
2026-07-10,72.6496353149414,73.08999633789062,73.26000213623047,71.74299621582031,72.0,2736100
2026-07-13,72.97765350341797,73.41999816894531,73.94999694824219,72.71499633789062,73.0,2795700
2026-07-14,72.12283325195312,72.55999755859375,73.86000061035156,72.1449966430664,73.43000030517578,3085000
2026-07-15,71.76499938964844,72.19999694824219,72.91999816894531,71.5999984741211,72.62000274658203,4058800
2026-07-16,74.54813385009766,75.0,75.26000213623047,72.81199645996094,72.86000061035156,4548100
2026-07-17,73.0074691772461,73.44999694824219,75.91000366210938,72.94999694824219,75.5199966430664,4005500
2026-07-20,73.03729248046875,73.4800033569336,73.80000305175781,72.91999816894531,73.27999877929688,4714200
2026-07-21,71.5165023803711,71.94999694824219,73.33000183105469,71.61000061035156,72.69999694824219,6196100
2026-07-22,69.98579406738281,70.41000366210938,72.26000213623047,69.69499969482422,70.36000061035156,8523700
2026-07-23,70.34361267089844,70.7699966430664,70.88999938964844,69.26000213623047,70.44999694824219,4149400
2026-07-24,71.49662780761719,71.93000030517578,72.1500015258789,70.8550033569336,71.19000244140625,3526800
2026-07-27,72.74903869628906,73.19000244140625,73.87999725341797,71.7300033569336,71.94999694824219,4899900
2026-07-28,73.16651153564453,73.61000061035156,75.31999969482422,73.36000061035156,74.0,3792600
2026-07-29,72.91801452636719,73.36000061035156,73.61000061035156,72.28500366210938,73.38999938964844,3657200
2026-07-30,71.2580795288086,71.69000244140625,73.06999969482422,70.62999725341797,72.91999816894531,2812000
2026-07-31,71.5165023803711,71.94999694824219,72.1050033569336,70.83000183105469,71.55999755859375,3384500
2026-08-03,71.75506591796875,72.19000244140625,73.62000274658203,71.94000244140625,72.45999908447266,3200500
2026-08-04,73.19632720947266,73.63999938964844,73.75,71.63999938964844,72.88999938964844,3355500
2026-08-05,72.65957641601562,73.0999984741211,73.98999786376953,72.58000183105469,73.69999694824219,3092300
2026-08-06,73.38518524169922,73.83000183105469,73.83999633789062,73.0999984741211,73.37999725341797,2519600
2026-08-07,73.5442123413086,73.98999786376953,74.80000305175781,73.4800033569336,73.58000183105469,2602400
2026-08-10,72.43096923828125,72.87000274658203,73.5,72.33000183105469,73.41000366210938,2533700
2026-08-11,72.59994506835938,73.04000091552734,73.48999786376953,72.70500183105469,72.80000305175781,2477900
2026-08-12,73.52433776855469,73.97000122070312,73.98999786376953,72.5,72.75,3530300
2026-08-13,72.59000396728516,73.02999877929688,74.38999938964844,72.6500015258789,74.08999633789062,3733000
2026-08-14,72.62999725341797,72.62999725341797,73.00499725341797,71.95999908447266,72.81999969482422,2893500
2026-08-17,70.55999755859375,70.55999755859375,72.50499725341797,70.41999816894531,72.26000213623047,3839500
2026-08-18,70.3499984741211,70.3499984741211,71.63500213623047,70.30999755859375,71.19000244140625,3495100
2026-08-19,71.94999694824219,71.94999694824219,72.94000244140625,70.61000061035156,70.62999725341797,3273100
2026-08-20,71.7699966430664,71.7699966430664,72.09500122070312,71.22000122070312,71.33000183105469,2672000
2026-08-21,71.48999786376953,71.48999786376953,72.66999816894531,71.36499786376953,71.93000030517578,3873400
2026-08-24,72.19000244140625,72.19000244140625,72.44999694824219,71.4000015258789,71.66000366210938,2758700
